folio,nro,Real,Prediccion_RF,Probabilidad_RF,Prediccion_LR,Probabilidad_LR
714-009159-A-0051,2.0,1,1,0.9280118103743806,1,0.5490827307584749
413-001577-A-0041,4.0,1,1,0.979509855375087,1,0.8992752051549373
941-000909-D-0301,5.0,1,1,0.9567561561855152,1,0.8533014982198766
914-000492-A-0031,5.0,1,1,0.9839098649054289,1,0.8803599231321615
214-005554-A-0171,4.0,1,1,0.9858503416304294,1,0.9567299975784876
252-029035-D-0061,3.0,1,1,0.9465523065211736,1,0.6962887575155059
314-005976-A-0191,4.0,1,1,0.9241551877998997,1,0.9898898690181807
312-000874-A-0401,8.0,1,1,0.9983122849435456,1,0.9572396618665766
113-001020-A-0011,3.0,1,1,0.9980807758525652,1,0.9500012663487175
341-015167-D-0231,4.0,1,1,0.8810489665014234,1,0.9134289940277477
711-000925-A-0341,3.0,1,1,0.835941034830462,1,0.9541109161827938
313-002587-A-0101,7.0,1,1,0.8934365726042085,1,0.9815970287997138
312-000749-A-0191,3.0,1,1,0.6470764554395178,0,0.48888435644027417
713-004692-A-0181,5.0,1,1,0.6757834182251168,0,0.253190908574457
214-005033-A-0111,3.0,1,1,0.994882960681506,1,0.9461286630725827
722-015711-A-0271,3.0,1,1,0.9371105235861434,1,0.6074411387657166
643-004170-D-0371,5.0,1,1,0.8007000608573862,1,0.6269429057657407
313-002762-A-0111,4.0,1,1,0.9635525159304192,1,0.8652163694169137
914-000539-A-0151,4.0,1,0,0.462987219633659,1,0.584007927460553
313-002026-A-0151,6.0,1,1,0.9499284818036977,1,0.8543849926506687
324-008075-A-0031,2.0,1,1,0.727313278340825,1,0.6517394735749396
312-001156-A-0331,4.0,1,1,0.8445883620911675,1,0.5867215393547831
322-009969-A-0071,3.0,1,1,0.9990329621143762,1,0.9707820397145209
262-012586-A-0051,3.0,1,1,0.8852016964099437,1,0.7323932920486536
722-013982-A-0151,5.0,1,1,0.9428601477269658,1,0.9094211440171293
553-006644-D-0071,5.0,1,1,0.8579690148575039,1,0.8481954366203592
253-028149-D-0151,2.0,1,1,0.7728020389853665,1,0.5092769370730825
144-003631-A-0011,3.0,1,1,0.6818570235838538,0,0.4298312944012999
542-005159-A-0031,3.0,1,1,0.9283361449523537,1,0.5282360050837428
152-003967-D-0021,3.0,1,1,0.9110469044775182,1,0.5817210222301304
241-021702-A-0131,6.0,1,1,0.944080142262597,1,0.8468385217781713
412-000947-A-0081,6.0,1,1,0.8437545813453189,1,0.7323487889832457
744-020611-A-0021,3.0,1,1,0.9424937054636666,1,0.7093264221448274
722-019369-A-0591,4.0,1,1,0.5457163383094802,1,0.9326865454016372
312-001156-A-0191,3.0,1,1,0.9184101247737717,1,0.6480928406593515
852-004057-D-0181,3.0,1,1,0.817685294181841,1,0.8644850865613135
351-017513-D-0231,4.0,1,1,0.9496183308156274,1,0.7887548048028166
264-017939-A-0071,3.0,1,1,0.7186707248129441,0,0.4232036271263946
523-003144-A-0011,4.0,1,1,0.7964207657075739,1,0.6123308612587799
413-001503-A-0401,5.0,1,1,0.9418333737679919,1,0.7515754669163579
261-008563-A-0171,3.0,1,1,0.9881910759267062,1,0.7061159425399941
712-002321-A-0201,4.0,1,1,0.9090839972231076,1,0.7127047395889685
312-000930-A-0201,4.0,0,1,0.837126430250889,0,0.46748136586494515
742-023019-D-0561,3.0,1,0,0.39640547681162513,0,0.05019343631649587
263-015803-A-0091,6.0,1,1,0.8838575086554715,0,0.4612337234398716
144-003063-A-0141,2.0,1,1,0.7282184960703332,0,0.2532566004092441
543-006060-D-0211,4.0,0,0,0.4280935427937044,0,0.08290603558018768
212-000193-A-0181,6.0,1,1,0.9900123541844743,1,0.7858616787007304
222-019011-A-0311,4.0,1,1,0.9536148092748729,1,0.7556889655624748
723-016381-A-0141,4.0,1,1,0.9057983267263198,1,0.6490356433042803
262-012586-A-0171,4.0,1,1,0.9913550565786479,1,0.9052625238559026
314-005564-A-0171,4.0,1,1,0.9923730680602767,1,0.963532289300736
263-016477-A-0041,3.0,1,1,0.8359625107609033,1,0.5375794179686437
723-013128-A-0221,4.0,1,1,0.9680077904426441,1,0.8616219470368083
821-001147-A-0291,4.0,1,1,0.8766174260989895,1,0.5307730576597977
911-000020-A-0031,3.0,1,1,0.8187573548888557,1,0.9550753236384015
314-006324-A-0101,6.0,1,1,0.8782912367773961,1,0.9911103369812891
313-002701-A-0251,4.0,1,1,0.9613351561945751,1,0.8546425090835053
714-011889-A-0011,3.0,1,1,0.7606865958946252,0,0.2689655070817431
732-015084-A-0161,3.0,1,1,0.8905170814624532,0,0.365601183823869
412-001281-A-0201,3.0,1,1,0.7896101286475034,0,0.4888084161858872
713-008025-A-0131,5.0,1,1,0.9127822871423109,1,0.6104674343910749
351-014883-D-0251,4.0,1,1,0.7148358287238689,1,0.5262944316953843
952-001020-D-0071,3.0,1,1,0.5979273369649546,0,0.3588290630416141
262-009934-A-0091,5.0,1,1,0.9839595365239895,1,0.9024050919597579
633-002834-A-0081,4.0,1,1,0.9858607506305209,1,0.8209749926850608
614-001634-A-0471,5.0,1,1,0.9738484638622231,1,0.9654393017958748
623-002558-A-0061,3.0,1,1,0.9806737235255586,1,0.9312931719783956
151-005024-D-0011,3.0,1,1,0.5458963602367278,0,0.3238722466556037
221-006796-A-0091,4.0,1,0,0.33560965454681213,0,0.11891857392601149
211-000118-A-0081,4.0,1,1,0.938231175877389,1,0.7221029144700791
324-010856-A-0011,5.0,1,1,0.9995564527824669,1,0.9865254335003669
951-001039-D-0011,4.0,1,1,0.9018866677778491,1,0.6947034767724646
113-001020-A-0111,3.0,1,1,1.0,1,0.9521771438372308
213-001862-A-0261,4.0,1,1,0.9929249786077787,1,0.9449639774458043
443-004549-A-0041,4.0,1,1,0.8455015845732773,1,0.9645551130656381
713-005519-A-0141,10.0,1,1,0.8934426915154196,0,0.3007073474715702
311-000019-A-0181,3.0,1,1,0.6060863206228752,0,0.39148723032666166
251-028611-D-0041,3.0,1,1,0.9146175350958762,1,0.532726131351888
713-007814-A-0511,2.0,1,1,0.8894346582606725,1,0.6795195709237511
713-004579-A-0661,3.0,1,1,0.8004175576467198,1,0.9685763690985331
713-006619-A-0021,3.0,1,1,0.968477624502343,1,0.9241612911845525
152-004376-D-0081,6.0,1,1,0.5849952713666124,1,0.8999435381746245
722-013982-A-0181,2.0,1,1,0.7536133557164759,0,0.3069175854241268
444-004785-A-0061,2.0,1,1,0.97067039063295,1,0.8327079417910378
953-000688-D-0071,6.0,1,1,0.9010934512897133,1,0.9104297052142905
553-006047-D-0291,5.0,1,1,0.6993613171088366,0,0.4708776423375491
344-013086-A-0071,4.0,1,1,0.5569103927813575,0,0.39098187409351076
652-004259-D-0031,6.0,1,1,0.912040242040918,1,0.5799531681896125
622-001950-A-0201,3.0,1,1,0.9066322288135517,1,0.6284302586843622
824-002121-A-0011,3.0,1,1,0.7768347686536032,1,0.9437897615388745
751-021735-D-0121,3.0,1,1,0.9246108905449321,1,0.6940698728995848
713-007234-A-0581,3.0,1,0,0.09337010462102455,0,0.2505391711640368
213-002964-A-0031,7.0,1,1,0.9872838555181314,1,0.9603355668585232
141-005121-D-0051,3.0,1,1,0.8405558174169482,0,0.44992213095036204
263-016275-A-0011,5.0,1,1,0.903816165749935,1,0.9514353158654834
343-015866-D-0071,4.0,1,1,0.6356923890025098,0,0.35436830803123787
351-015430-D-0121,3.0,1,1,0.7758910891880546,0,0.45336935577584137
712-003719-A-0411,5.0,1,1,0.8934591671703479,1,0.9148678928673103
912-000144-A-0061,4.0,1,1,0.9817348053204453,1,0.9547349949144283
911-000010-A-0071,3.0,1,1,0.9813319005264833,1,0.8359462340321032
351-015465-D-0151,3.0,1,1,0.9591333136944269,1,0.613989621198037
912-000257-A-0061,5.0,1,1,0.9904544739494541,1,0.8588025200805209
723-012334-A-0311,2.0,1,1,0.9758968333889804,1,0.5386539672722648
723-012334-A-0191,4.0,1,1,0.9695904025144825,1,0.6998084896330499
611-000006-A-0201,4.0,1,1,0.8965170642346468,1,0.9888104798856578
713-007520-A-0301,4.0,1,1,0.9878888969328233,1,0.8933066117254022
713-005970-A-0081,4.0,1,1,0.8075464963892955,1,0.9649088953781049
744-022007-D-0421,8.0,0,1,0.6387894497737611,0,0.38408214087529424
343-013265-A-0051,4.0,1,1,0.7817960380773072,1,0.5799128609960614
422-004035-A-0061,3.0,1,1,0.8467593231307184,1,0.5083265828519669
523-003144-A-0131,3.0,1,1,0.6882360710753681,0,0.35338794193095174
421-003729-A-0121,3.0,1,1,0.9608942168481136,1,0.6426089541167866
732-019017-A-0081,4.0,1,1,0.7990749468557679,0,0.4970083686087925
313-002228-A-0091,3.0,1,0,0.20950973897800382,1,0.566411172980375
414-002893-A-0111,3.0,1,1,0.972226655443441,1,0.746997233499508
113-001085-A-0191,3.0,1,1,0.9980432045533136,1,0.948329810373932
244-021195-A-0151,4.0,1,1,0.9764976744187731,1,0.7449667310339151
213-002057-A-0231,3.0,1,1,0.7762292495871091,0,0.383736585458205
263-014456-A-0081,3.0,1,1,0.994807768007586,1,0.8594269710248885
312-001156-A-0811,2.0,1,1,0.6772013867761735,1,0.5842728298827266
712-003415-A-0291,4.0,1,1,0.9421246423959997,1,0.6545314108844551
221-018596-A-0191,2.0,1,1,0.6688863828431438,0,0.4401045690502453
714-010525-A-0361,4.0,1,1,0.9934763575455969,1,0.7958240993916831
723-015885-A-0191,4.0,1,1,0.9244460496805804,0,0.4776449574401322
344-016866-D-0181,2.0,1,1,0.7338578306500355,1,0.5620937389059142
221-018596-A-0221,3.0,1,1,0.8986492742874463,1,0.9602996018111436
943-000628-A-0071,5.0,1,1,0.8302598787737416,1,0.8070958455688971
114-002021-A-0111,3.0,1,1,0.9257132077351689,1,0.6278298034494862
221-018596-A-0011,6.0,1,1,0.9606681498361731,1,0.7634112155096794
251-029564-D-0081,7.0,1,1,0.9833412778916821,1,0.9346839555449484
544-005058-A-0021,4.0,1,1,0.8927423336102894,1,0.6507057724171272
324-010789-A-0051,4.0,1,1,0.9855501021954312,1,0.9559641780235227
351-017751-D-0111,3.0,1,1,0.9707883753106847,1,0.932222948869624
951-000942-D-0031,3.0,1,0,0.40963150638622453,0,0.17952294024887733
413-001577-A-0021,3.0,1,1,0.9358892280414801,1,0.9280988814091214
713-007420-A-0581,3.0,1,1,0.9799138700213077,1,0.7974345216093408
343-013265-A-0071,6.0,1,1,0.7527128458302585,1,0.9363032356978355
412-000440-A-0041,4.0,1,1,0.990930169189975,1,0.9313861969241877
743-022135-D-0301,4.0,1,0,0.2692865712004824,0,0.05887488744389743
721-018021-A-0121,5.0,1,1,0.8347515147636293,1,0.8622851202230539
333-006799-A-0121,6.0,1,1,0.7871950528320842,0,0.4714967874804611
214-005116-A-0241,4.0,1,0,0.24582644585368124,1,0.5259400790371164
852-003590-D-0071,4.0,1,1,0.6654464374495316,0,0.38154345261832173
144-003176-A-0271,2.0,1,1,0.7230330538554094,0,0.37431879257463524
314-006449-A-0061,4.0,0,0,0.3752726966015843,0,0.165688181676499
423-004063-A-0301,2.0,1,1,0.5266795079620823,0,0.43345835672356564
112-000438-A-0011,7.0,1,1,0.9794291810671376,1,0.7881472158225805
263-014976-A-0221,3.0,1,1,0.9785726587391215,1,0.9230495815956599
441-006550-D-0101,4.0,1,1,0.782299657009527,0,0.3295379353394858
913-000358-A-0081,4.0,1,1,0.7852972159088737,1,0.6195400504534901
552-007239-D-0041,5.0,1,1,0.9858256998949666,1,0.7534176216013536
214-005596-A-0111,4.0,1,1,0.9556412860306852,1,0.7691789593472382
833-002626-A-0101,3.0,1,1,0.7438730142811643,0,0.3301338195688398
722-012849-A-0261,3.0,1,1,0.8442697965495476,1,0.5042989684535181
953-001042-D-0021,4.0,1,1,0.919667167771628,1,0.6203671214668633
262-009000-A-0011,4.0,1,1,0.5247397800999783,0,0.37399378391115395
262-011135-A-0211,4.0,1,1,0.747885433065901,0,0.4912603009479189
324-007681-A-0161,3.0,1,1,0.9992774403827267,1,0.9478487538144607
213-003299-A-0021,3.0,1,1,0.8184819042932978,1,0.9757936272138412
422-003968-A-0101,3.0,1,1,0.8029676310767572,1,0.5889208745955636
262-012586-A-0171,3.0,1,1,0.9540054959740005,1,0.6261599463281285
314-004640-A-0131,3.0,1,1,0.9995564527824669,1,0.9230284699414625
212-001085-A-0041,4.0,1,1,0.9311404934335813,1,0.8145692328019871
212-000589-A-0041,4.0,1,1,0.9940493740489941,1,0.968114118701966
251-028611-D-0261,4.0,1,1,0.7483785725231616,0,0.29046366360465087
713-004442-A-0061,3.0,1,1,0.8488333202823587,1,0.9176931141621851
824-001767-A-0021,2.0,1,1,0.8817559961681756,1,0.5606016526110256
412-000947-A-0071,4.0,0,1,0.5918331665148704,0,0.3785659047625555
714-009039-A-0181,4.0,1,1,0.9564452771197498,1,0.8539695838746848
323-012177-A-0041,5.0,1,1,0.679875788532671,1,0.577934069518859
222-018944-A-0031,4.0,1,1,0.988169503211946,1,0.913546770471767
341-014869-D-0141,3.0,1,1,0.6026888376045026,0,0.43598942936676993
953-000688-D-0171,3.0,1,1,0.5504733057232356,0,0.16964596083812541
312-000984-A-0161,3.0,1,1,0.9720675128617512,1,0.6989076155306906
314-004640-A-0071,4.0,1,1,0.9936740117723696,1,0.8943573760577276
212-000973-A-0071,4.0,1,1,0.9660132386282002,1,0.9095145525779782
212-000589-A-0031,3.0,1,1,0.868468933462793,1,0.9773590466747859
613-000806-A-0131,3.0,1,1,0.6542392998867296,0,0.27849718205680674
264-017497-A-0201,5.0,1,1,0.9825854433191861,1,0.9629537944523189
811-000029-A-0081,3.0,1,1,0.9400415907869586,1,0.7833521763725634
314-006592-A-0221,2.0,1,1,0.9965424193545263,1,0.9743392499798575
213-002149-A-0031,3.0,1,1,0.9816217885182342,1,0.896302729520497
822-001461-A-0021,4.0,1,1,0.9480065134028515,1,0.9607418412814247
821-001109-A-0051,5.0,1,1,0.7950376468511259,1,0.9368475466041437
213-001778-A-0251,4.0,1,1,0.9797255370216529,1,0.9566618003304606
943-000628-A-0071,4.0,1,0,0.45363055632987626,0,0.3214540475056535
344-013086-A-0241,3.0,1,1,0.7408819383576221,1,0.5805898598106832
263-013526-A-0331,4.0,0,0,0.3141037221837776,0,0.01038851153619173
614-001432-A-0101,4.0,1,1,0.8310294338018526,1,0.9845476407241374
612-000160-A-0291,3.0,1,1,0.7618710391664725,1,0.9865237578766709
214-006351-A-0051,3.0,1,0,0.4780475635172674,1,0.5252077618264291
543-008248-D-0071,4.0,1,1,0.7094831769610203,0,0.31628608128347285
714-009159-A-0021,4.0,1,1,0.9425066894316617,1,0.904664725754585
251-027754-D-0211,2.0,1,1,0.5690840062447868,0,0.13159413248935609
233-020399-A-0011,4.0,1,1,0.9989431635981644,1,0.9561814657181771
264-017349-A-0131,3.0,1,1,0.9700064192200246,1,0.7465631781582271
714-011169-A-0221,2.0,1,1,0.9157907334671035,1,0.5329474031953931
353-015397-D-0201,5.0,1,1,0.8234170936798695,1,0.554065903354214
263-016477-A-0281,4.0,1,1,0.9745160718171108,1,0.6747252829610445
713-005519-A-0091,3.0,1,1,0.792420850770424,0,0.26149505438440135
212-000728-A-0051,6.0,1,1,0.9896867317967468,1,0.9106371330275599
722-017252-A-0161,4.0,1,1,0.9010661097041587,1,0.7431321022136284
312-000984-A-0091,3.0,1,1,0.9963833175253823,1,0.9063535683930019
621-002192-A-0051,4.0,1,1,0.9679091956369171,1,0.84678754444591
213-002964-A-0031,6.0,1,1,0.9917966724535809,1,0.8976705736531635
441-006427-D-0041,4.0,1,1,0.9600661178345911,1,0.9005780802618618
221-018508-A-0071,8.0,1,1,0.8213935162996505,1,0.7132304710107412
423-004133-A-0081,3.0,1,1,0.7029549274500156,0,0.4095001665853992
613-000855-A-0291,3.0,1,1,0.9938244780887211,1,0.9646764296577127
713-005080-A-0921,4.0,1,1,0.9252588190911765,1,0.7308521428852578
822-002375-A-0161,3.0,1,1,0.9047742947716102,1,0.6665738593005266
713-004692-A-0071,2.0,1,1,0.9444255647759663,1,0.5356505338326871
241-022075-A-0061,3.0,1,1,0.7803165679979522,0,0.3904471869920215
713-006537-A-0271,2.0,1,1,0.6283267368425901,0,0.17617426715007778
751-023428-D-0111,4.0,1,0,0.39065096091199597,0,0.10643226185257347
314-006592-A-0291,6.0,1,1,0.9989827005561267,1,0.9429841728666386
831-002594-A-0341,5.0,1,1,0.9501007116498916,1,0.6627146680656383
542-005018-A-0101,3.0,1,1,0.7370238112824153,0,0.4460174816578586
742-023019-D-0111,3.0,1,1,0.9121354949349179,1,0.5748230764148876
751-023428-D-0261,3.0,0,1,0.6003491582688373,0,0.1412508027875162
842-003276-A-0111,2.0,1,1,0.9643143450048403,1,0.6855677506883208
152-003967-D-0101,4.0,1,0,0.4693163596087397,0,0.2814128897607388
313-002867-A-0011,5.0,1,1,0.9928853658916217,1,0.9683463977180792
711-000444-A-0091,3.0,1,0,0.39096257837082804,0,0.15867998756083632
543-003994-A-0071,3.0,1,1,0.6783318313584918,0,0.32004798092685843
221-018508-A-0101,2.0,1,1,0.9736098879990591,1,0.899771566046995
114-002160-A-0081,6.0,1,1,0.9510915596962047,1,0.8766424628193817
713-008406-A-0161,3.0,1,1,0.8693373514384295,0,0.4089062959947024
714-010972-A-0091,6.0,1,1,0.8475067817688077,1,0.8262739868177177
712-002529-A-0051,3.0,1,1,0.5905038651852327,1,0.9651876946869608
312-001205-A-0141,5.0,1,1,0.7668354589290406,0,0.46724772660108804
821-002777-A-0101,2.0,1,1,0.972386554334522,1,0.7323957162840902
263-013526-A-0201,3.0,1,1,0.9574260708335578,1,0.746473979867036
612-000160-A-0121,2.0,1,1,0.7628932238155105,0,0.4556677201929778
852-004057-D-0081,3.0,1,0,0.35622223898987526,0,0.0696714886937521
541-006807-D-0081,4.0,1,1,0.9656850956186075,1,0.810975383123909
261-007468-A-0101,6.0,1,1,0.9664443659383987,1,0.9304444688315419
823-001673-A-0111,2.0,1,1,0.8967783114882053,1,0.8251635627440855
951-000942-D-0041,4.0,1,1,0.7015644455898926,1,0.8038513046352662
213-002964-A-0111,4.0,1,1,0.9552743113350757,1,0.8697554740457962
214-004248-A-0171,3.0,1,1,0.9903312836157109,1,0.874124821783741
333-006869-A-0021,3.0,0,0,0.14737725204499239,1,0.5151516871089612
251-028611-D-0291,4.0,1,1,0.9111224890205547,1,0.5979165094508159
212-000589-A-0071,3.0,1,1,0.9607864100668079,1,0.780067667736173
613-000521-A-0011,4.0,1,1,0.9402650053913728,1,0.9030604237674201
821-002793-A-0131,3.0,1,1,0.9520150684948586,1,0.7273519196199523
311-000128-A-0091,4.0,1,1,0.8711952626317071,1,0.7152437533171537
453-006231-D-0121,3.0,1,1,0.6159166988613454,0,0.21338234134984832
314-005080-A-0251,4.0,1,1,0.8694272393106868,1,0.6620273493778245
232-018290-A-0011,2.0,0,1,0.5342939924798304,0,0.30367651577206445
623-002612-A-0031,4.0,1,1,0.881605632151233,1,0.553376304695927
823-001609-A-0131,4.0,1,1,0.9345549547387878,1,0.7339299102191146
533-002475-A-0031,2.0,1,1,0.9279493854382019,1,0.9639159155402418
714-010164-A-0041,4.0,1,1,0.9367075697643809,1,0.9048411667732801
313-001503-A-0031,2.0,1,1,0.9186078531342671,1,0.9712159470129258
652-004137-D-0011,4.0,1,1,0.9500336481552214,1,0.679869870931148
512-000305-A-0141,4.0,1,1,0.9916635536749916,1,0.9056303852019814
712-001695-A-0091,4.0,1,1,0.6606926790808682,1,0.9600917139440457
213-001811-A-0231,6.0,1,1,0.8520560366596625,1,0.7527349330194364
314-004411-A-0171,5.0,1,1,0.9841287337859649,1,0.9222580599187018
214-004007-A-0021,3.0,1,1,0.9692884555756751,1,0.9090292055407123
213-001972-A-0031,5.0,1,1,0.673600488646299,1,0.9879676550728983
941-000909-D-0191,6.0,1,1,0.7814525604464715,1,0.5302726785235186
261-007038-A-0011,4.0,1,1,0.9803422555378382,1,0.9599028334087575
412-000536-A-0031,3.0,1,1,0.63761821244165,0,0.25773188610447106
821-002777-A-0321,4.0,1,1,0.9676468229633409,1,0.7611630482504204
534-002993-A-0101,3.0,1,1,0.9433298988754469,1,0.7850072801355934
723-013128-A-0221,3.0,1,1,0.9504540176370667,1,0.5218584639536152
132-002776-A-0071,4.0,1,1,0.7821932746951202,1,0.9737721872131255
821-002793-A-0041,6.0,1,1,0.9994765093319093,1,0.9670007875134999
413-001714-A-0161,4.0,1,1,0.9403551148213235,1,0.9270178328621883
214-005555-A-0481,3.0,1,1,0.990255690385037,1,0.97282489609662
262-010443-A-0061,2.0,1,1,0.9565737863373756,1,0.7309230621384977
852-004057-D-0141,3.0,1,1,0.9281172972626662,1,0.5944147717341012
722-012849-A-0181,3.0,1,1,0.9648722371539757,1,0.6701525495206628
712-002031-A-0521,3.0,1,1,0.6304471997730726,0,0.42589753988476053
314-006324-A-0091,3.0,1,1,0.9412542494311251,1,0.7085756583882586
942-000662-A-0121,4.0,1,1,0.9268662812675214,1,0.5451983700359316
263-016881-A-0101,5.0,1,1,0.9511234133157236,1,0.9406321741392365
251-027234-D-0011,5.0,1,1,0.9012779364429749,0,0.35114305135750734
532-002531-A-0051,4.0,1,1,0.9064728826307371,1,0.851304349814524
351-014883-D-0221,3.0,1,1,0.9650471568573401,1,0.7233094597146568
344-015667-D-0021,3.0,1,1,0.9869446364193417,1,0.9240489748442311
263-014332-A-0291,4.0,1,1,0.7321685793990202,1,0.5103440720767696
942-000662-A-0071,4.0,1,1,0.6973977612089974,1,0.8187702899672844
112-000822-A-0381,5.0,1,1,0.9013571597326819,1,0.8031998756516971
943-000628-A-0111,8.0,1,1,0.9748600943955705,1,0.9566972385887227
821-001044-A-0021,3.0,1,1,0.7074812673566513,0,0.408954829671325
711-000125-A-0051,3.0,1,1,0.9673193165688764,1,0.8265674717780792
713-005200-A-0081,3.0,1,1,0.9864914902708032,1,0.7458747167999149
443-004584-A-0011,3.0,1,1,0.9874425787636388,1,0.8902623215309058
523-002742-A-0011,6.0,1,1,0.9273837691130166,1,0.9801989832569494
622-002928-A-0221,4.0,1,1,0.8771740821221343,1,0.639012980893415
822-001461-A-0081,7.0,1,1,0.8957330507607025,1,0.8137739523324224
543-006060-D-0231,4.0,1,1,0.542178399123694,0,0.2704283997823785
513-000810-A-0051,5.0,1,1,0.9990199697505705,1,0.908825123368826
713-005080-A-0921,3.0,1,1,0.9360722326197386,1,0.5918060373164552
822-001902-A-0111,5.0,1,1,0.9824064053799685,1,0.8403226523165648
521-001875-A-0131,5.0,1,1,0.7855833111676336,1,0.6265771538153766
852-003657-D-0151,4.0,1,1,0.886312382697868,1,0.5189680625216585
314-003333-A-0221,3.0,1,1,0.9889804317220418,1,0.8508954602556816
213-003667-A-0211,4.0,1,1,0.834285397908231,0,0.47597687538507316
142-003179-A-0081,3.0,1,1,0.9688652507587623,1,0.9696813852930369
654-003675-D-0281,4.0,1,1,0.7604116603899291,0,0.45656997276860084
943-000645-A-0271,4.0,0,1,0.8464433575978902,1,0.9081768694789233
262-012904-A-0081,3.0,1,1,0.8110074312786121,1,0.9728127135830904
241-028187-D-0461,3.0,1,1,0.989793087074609,1,0.9442334352382852
262-009630-A-0261,3.0,1,1,0.9391083707954021,1,0.809954235608973
913-000366-A-0011,3.0,1,1,0.7647607078545335,0,0.26216625004449223
514-001460-A-0201,2.0,1,1,0.9890105524775258,1,0.9774217473107055
912-000180-A-0081,3.0,1,1,0.9994112030063608,1,0.951020361348564
413-002288-A-0151,4.0,1,1,0.9696670656857782,1,0.8386797448244316
263-016857-A-0051,3.0,1,1,0.9664122125314182,1,0.9377896758653065
212-000728-A-0091,4.0,1,1,0.6096475371247707,0,0.3324067696613507
553-004914-A-0021,2.0,0,0,0.28688996700539143,0,0.005254788901689331
823-001665-A-0051,2.0,0,0,0.2122430773947763,1,0.552616285921383
742-020200-A-0091,4.0,1,1,0.6845550673520872,0,0.40229345094979924
713-007157-A-0111,4.0,1,1,0.8542288776414917,1,0.9514252088505463
713-008065-A-0261,4.0,1,1,0.9284098025425872,1,0.6290609347126686
322-008386-A-0131,3.0,1,1,0.9654784782045647,1,0.8428593558051574
744-023178-D-0191,3.0,1,1,0.9196996505851198,1,0.5491391954205802
133-002990-A-0111,4.0,1,1,0.9694230358887895,1,0.9361607032844084
341-014869-D-0061,3.0,1,1,0.5874822635722562,0,0.298389749178346
623-002067-A-0011,3.0,1,1,0.8318029394276011,0,0.43763714497282646
443-004549-A-0101,5.0,1,1,0.5070289592341801,0,0.2266741507690805
721-013867-A-0041,3.0,1,1,0.5298396559344799,0,0.12796470477505673
952-000835-D-0211,4.0,1,1,0.8544907831567563,1,0.9446930043354462
222-019011-A-0311,5.0,1,1,0.9726275356292106,1,0.9007608674243056
314-003437-A-0141,5.0,1,1,0.9806116957126078,1,0.9256461368930493
623-002467-A-0141,5.0,1,1,0.8443399716174389,0,0.39334398199473997
212-001208-A-0141,3.0,1,1,0.8173893477744592,1,0.6873158755607346
743-020524-A-0061,4.0,1,0,0.30168585869794173,0,0.061661902614484274
313-002701-A-0091,6.0,1,1,0.9921368199279793,1,0.8276601018183136
722-012905-A-0031,3.0,1,1,0.9903380491895357,1,0.7441532753540422
262-009934-A-0061,7.0,1,1,0.9723796788339008,1,0.9774888044952947
111-000005-A-0121,4.0,1,1,0.9905690634260168,1,0.9525546729465543
712-002702-A-0151,6.0,0,0,0.4057894973129326,0,0.006147788864508841
732-015084-A-0161,4.0,1,1,0.9816263593806247,1,0.6227862404052915
732-019017-A-0081,7.0,1,1,0.8904741754509458,1,0.6464681442796993
914-000492-A-0041,5.0,1,1,0.9853140918809995,1,0.9794125349861389
112-000438-A-0011,2.0,1,1,0.9649713940252216,1,0.9678770689246076
833-002626-A-0101,6.0,1,1,0.9961634918359461,1,0.9158604272630456
251-029564-D-0011,5.0,1,1,0.6535962756446014,0,0.2698942209359612
344-016866-D-0571,3.0,1,1,0.9593422092856091,1,0.8567748309806881
222-018727-A-0051,4.0,1,1,0.739775514687807,1,0.6124203808917591
222-018790-A-0081,5.0,1,1,0.9257435909161426,1,0.9235529369802696
314-004233-A-0021,3.0,1,1,0.8954145647920704,1,0.7857332323222415
643-004014-D-0161,9.0,1,1,0.8595693433666907,0,0.4118050721637302
523-003597-A-0081,3.0,1,0,0.2546365163084835,1,0.5463312392706227
751-023428-D-0291,3.0,1,1,0.9123424434957034,1,0.5759843074179382
822-001286-A-0121,4.0,1,0,0.4991701333284506,0,0.27194507309662724
832-003161-A-0081,3.0,1,0,0.3354895944209613,0,0.12579810569226207
714-009760-A-0081,3.0,1,1,0.9249365974927368,1,0.9244064315147594
543-008248-D-0341,3.0,1,1,0.9717528946629618,1,0.7015357499619113
953-000856-D-0191,3.0,1,0,0.4862123857140343,0,0.15426087941483893
413-002030-A-0021,4.0,1,1,0.9897541312746307,1,0.9183701101348934
263-015803-A-0051,5.0,1,1,0.918418576595842,1,0.674278023501791
314-005175-A-0031,3.0,0,0,0.26000032270641404,1,0.5865092926025781
512-000222-A-0441,3.0,1,1,0.8803922772273499,1,0.6509863814738012
313-001272-A-0161,3.0,1,1,0.7614317147055566,1,0.5245044364059305
712-001908-A-0191,3.0,1,1,0.9710721085776955,1,0.869656764607787
723-013190-A-0361,4.0,1,1,0.9110032378153765,1,0.6233997789614031
253-025040-D-0041,2.0,1,1,0.8485872709926671,1,0.5600750587903509
643-004096-D-0141,3.0,1,1,0.7184653002793401,0,0.34175231850235366
213-002964-A-0021,3.0,1,1,0.8405409066673701,1,0.7680985238516075
821-001056-A-0081,2.0,1,1,0.9749534143700532,1,0.8318709793757935
213-002448-A-0101,3.0,1,1,0.9917460998687792,1,0.9782519965412513
514-001418-A-0231,4.0,1,1,0.9549299243940824,1,0.8505863014843675
713-005618-A-0191,6.0,0,1,0.8696676722453829,1,0.9561035034224361
212-000853-A-0111,3.0,1,1,0.8904728806225074,1,0.952354339360537
823-002062-A-0231,3.0,1,1,0.6936911341837106,0,0.49771068139217445
823-002443-A-0061,4.0,1,1,0.8369745276030734,0,0.3452204683279871
312-000504-A-0051,3.0,1,1,0.7551006561177309,1,0.5732570121257377
722-012849-A-0321,7.0,1,1,0.9713206249514794,1,0.6212995441525208
511-000003-A-0181,3.0,1,1,0.83534554810167,1,0.6660040190247706
813-000434-A-0011,3.0,1,1,0.8761760229900064,1,0.5002739140442906
941-000909-D-0191,7.0,1,1,0.9718602237554893,1,0.5056590797685981
443-005398-A-0031,3.0,1,1,0.9515093951088099,1,0.7164881566539134
132-002776-A-0201,3.0,1,1,1.0,1,0.9820444880453651
324-008042-A-0071,3.0,1,1,0.9969859665720594,1,0.9442988303719789
213-003452-A-0081,5.0,1,1,0.9825802050971166,1,0.8664133178761784
351-015674-D-0051,3.0,1,1,0.5154786659955916,0,0.23129146329616068
213-001695-A-0391,3.0,1,1,0.9928317703351801,1,0.9378992582223862
712-001371-A-0061,3.0,1,1,0.7261068610383861,0,0.30403718841223343
713-005034-A-0331,3.0,1,1,0.9003812945328906,1,0.557161985996003
943-000645-A-0071,5.0,1,1,0.6413786227866467,1,0.5798709673279918
633-002834-A-0031,5.0,1,1,0.7623490570276741,1,0.9862664716633552
753-022819-D-0071,4.0,1,1,0.5821232378936457,0,0.21094076603405995
323-007476-A-0011,4.0,1,1,0.7167986655646641,1,0.5963309374390657
714-009569-A-0011,3.0,1,1,0.8518609687300286,0,0.4837215014175144
312-000984-A-0011,2.0,1,1,0.9697350200695635,1,0.7672836680389439
622-002370-A-0101,7.0,1,1,0.715989534315422,1,0.9878431232945614
344-013086-A-0451,5.0,1,1,0.782943723440707,1,0.6275460075965436
953-000917-D-0101,5.0,1,1,0.9475255156379478,1,0.9030444844568133
751-021735-D-0021,2.0,0,0,0.08886803964407403,0,0.022585995959776946
223-019087-A-0101,5.0,1,1,0.9263446362106122,1,0.8417203459120975
262-010187-A-0011,4.0,1,1,0.9776946265800783,1,0.9841700117274661
311-000252-A-0131,4.0,1,0,0.16690010800779406,1,0.5318883883779015
723-015398-A-0131,4.0,1,1,0.7632381410667818,0,0.1787183617197496
912-000131-A-0051,5.0,1,1,0.9898806149586612,1,0.9652817221463428
713-007520-A-0181,5.0,1,1,0.9322869649980006,1,0.5495112226788266
622-002323-A-0081,4.0,1,1,0.9152702206232669,1,0.927503973409863
313-003171-A-0031,2.0,1,1,0.7926937015850155,0,0.4637670850919705
314-006592-A-0081,3.0,1,1,0.9971247509728431,1,0.9762272643548778
751-021735-D-0161,3.0,1,1,0.9241235554768842,1,0.5312946540034247
532-003322-A-0121,3.0,1,1,0.9261851827435647,1,0.7911093356611115
213-002535-A-0211,3.0,1,1,0.9984226227287845,1,0.9459470382765757
114-002078-A-0151,3.0,1,1,0.9957460448077549,1,0.8915127420466075
724-017891-A-0191,3.0,1,1,0.9863184497400831,1,0.8900163913825242
222-006863-A-0101,3.0,1,1,0.7378985628979715,0,0.38877512447639956
142-004969-D-0101,4.0,1,1,0.5419660562176135,0,0.428727250144325
213-002262-A-0401,3.0,1,1,0.9741127352980679,1,0.9536453085981207
852-003590-D-0051,5.0,1,1,0.9734524722488529,1,0.7495615143093555
133-002990-A-0061,3.0,1,1,0.9621958295059104,1,0.8649629653990587
953-000688-D-0181,5.0,1,1,0.8335651414418208,1,0.5624794976651675
213-002262-A-0301,3.0,1,1,0.7326206811368877,0,0.4489049150378141
953-000916-D-0041,4.0,1,1,0.5634981347759767,0,0.3643607196338265
262-009630-A-0081,4.0,1,1,0.9971121062842925,1,0.8775671790931105
312-000874-A-0401,9.0,1,1,0.9985686392342787,1,0.9556864234191548
314-004288-A-0251,4.0,1,1,0.9977281459383911,1,0.96162742213613
732-016720-A-0061,3.0,1,1,0.7748266810194863,0,0.42821565454319366
442-007200-D-0151,8.0,1,1,0.6218899978007913,1,0.7034199095509134
314-003864-A-0071,3.0,1,1,0.9702804408911389,1,0.892656552572315
714-012067-A-0461,2.0,1,1,0.9544150487793346,1,0.8585563277630406
842-003349-A-0061,3.0,1,0,0.4111587390619596,0,0.10979539834199684
252-026518-D-0171,3.0,1,1,0.927448375991958,0,0.4568211398944646
351-015465-D-0131,4.0,1,1,0.9288902338425473,1,0.5390588431288756
112-000649-A-0081,3.0,1,1,0.993443028908461,1,0.9044140694895861
232-018290-A-0081,6.0,0,0,0.4211587023080567,0,0.21188360804220083
114-002232-A-0021,4.0,1,1,0.9618630294732846,1,0.8051701375628157
623-002467-A-0111,4.0,1,1,0.9724934710530455,1,0.907316283749793
714-011833-A-0051,2.0,1,1,0.9897172489081836,1,0.788493712975139
111-000071-A-0331,6.0,1,1,0.9505190059828775,1,0.907963174885017
223-019068-A-0061,3.0,1,1,0.9556773055264529,1,0.6401718379716899
632-002789-A-0141,5.0,1,1,0.9467720252917188,1,0.7446480583961904
721-015811-A-0191,3.0,1,1,0.9354461043134392,1,0.9048903677383179
914-000451-A-0191,2.0,1,1,0.9941031536842218,1,0.9305960492379001
444-005058-A-0091,3.0,1,1,0.9701110515497571,1,0.7303619453873315
152-004020-D-0211,3.0,1,1,0.9789075934195108,1,0.7760029264588658
613-001018-A-0101,4.0,1,1,0.8286801096830978,1,0.9789920417555477
263-015943-A-0101,3.0,1,1,0.9618603670541692,1,0.6780355568893487
312-000571-A-0301,3.0,1,1,0.9524519500554323,1,0.9811639831242751
313-003116-A-0111,3.0,1,1,0.7853471203835005,1,0.5321496970922459
213-002101-A-0011,4.0,1,1,0.9912471098127118,1,0.8895843729512969
843-003285-A-0261,6.0,1,1,0.6577667339007721,0,0.25344456676678323
262-012154-A-0221,4.0,1,1,0.972539589328137,1,0.9127441932295034
262-011636-A-0081,4.0,1,1,0.9441834282784651,1,0.9748688853555432
541-006807-D-0161,5.0,1,1,0.8903644437469416,1,0.5961463175547015
251-028611-D-0211,3.0,1,1,0.8457865515316221,1,0.8233676010605033
211-000040-A-0221,3.0,1,1,0.7460634858491194,1,0.6113980537958759
114-002386-A-0091,3.0,1,1,0.7968092550173886,1,0.9233861940076523
312-001040-A-0101,4.0,1,1,0.981058667603269,1,0.9374830118827293
414-003426-A-0101,3.0,1,1,0.9301672374173555,1,0.7121096827176956
914-000539-A-0171,3.0,1,1,0.9775092364076508,1,0.9488006716364156
622-002273-A-0081,8.0,1,1,0.9399653210761569,1,0.753166590762693
931-000547-A-0121,3.0,1,1,0.9087654705982796,1,0.6985126763971451
722-012849-A-0291,4.0,1,1,0.9241871284511088,1,0.9421824448062162
154-003762-D-0181,2.0,1,1,0.9866003973311437,1,0.9463518181018505
222-018704-A-0021,2.0,1,1,0.9838233307489923,1,0.7765179123063229
414-002825-A-0171,3.0,1,1,0.9554509087065274,1,0.8577395007513613
443-005398-A-0031,4.0,1,1,0.9862084583334464,1,0.7779083084366717
411-000098-A-0031,4.0,1,1,0.7590583201349796,1,0.5867315852075783
532-002410-A-0111,8.0,1,1,0.5423689977814524,0,0.3537822412351011
714-010437-A-0161,3.0,1,1,0.9050445089573997,1,0.5441494680201062
824-002121-A-0081,5.0,1,1,0.9609867758720793,1,0.7244982212662163
323-010430-A-0121,4.0,1,1,0.6588565789588431,0,0.2805781884499885
713-007157-A-0161,5.0,1,0,0.22643133888386133,0,0.018664237782152062
751-023428-D-0141,3.0,1,1,0.734092345240623,0,0.19790551218765523
413-002100-A-0131,5.0,1,1,0.8544713368597744,0,0.4778287083794272
712-003035-A-0081,5.0,1,1,0.9159547815997124,1,0.9267203879154072
912-000144-A-0061,3.0,1,1,0.9877132947577629,1,0.9146737206908573
713-008065-A-0011,4.0,1,1,0.9162611020811194,1,0.5781744318309643
223-019292-A-0061,4.0,1,1,0.9053183602420186,1,0.9523777756890431
212-000728-A-0081,4.0,1,1,0.9889635007882343,1,0.966721568067962
351-017513-D-0061,3.0,1,1,0.9423912153066712,1,0.6297905638728174
414-002740-A-0151,5.0,1,1,0.7963733437421336,1,0.9655696033830469
263-015113-A-0141,2.0,1,1,0.9464173816816721,1,0.8348441165379091
553-004914-A-0101,4.0,1,1,0.638599199835363,0,0.23316064345914467
441-007186-D-0041,3.0,1,0,0.48449411326994246,0,0.17103510050583012
713-006294-A-0291,3.0,0,1,0.5560168509688977,0,0.02399349437042319
713-007075-A-0401,1.0,0,1,0.6451358044693718,0,0.18834152906961646
212-000914-A-0161,4.0,1,1,0.9825669366954041,1,0.7306533777529113
713-005885-A-0211,4.0,1,1,0.9756110912681987,1,0.5212106469600243
941-000909-D-0261,3.0,1,0,0.38009419492373087,0,0.22411512337389414
722-017252-A-0121,2.0,1,1,0.9576144691253903,1,0.7736080225591164
314-005227-A-0241,8.0,1,1,0.9754245595409621,1,0.9369099876300901
322-009877-A-0781,5.0,1,1,0.829595729994523,1,0.6238292367136644
723-013060-A-0231,4.0,1,1,0.9285513518813195,1,0.7829849746556279
722-017252-A-0141,3.0,1,1,0.9858060945088022,1,0.8605552212536981
313-002352-A-0181,8.0,1,1,0.969953785196088,1,0.922784772181679
212-000316-A-0071,4.0,1,1,0.9943215808959964,1,0.8227914090154268
262-011760-A-0101,4.0,1,1,0.9941732593838742,1,0.8730995366023357
341-014869-D-0221,5.0,1,1,0.7988728955840824,1,0.6478429740817635
263-014976-A-0141,3.0,1,1,0.9874072564651533,1,0.7667513735481766
262-008674-A-0031,3.0,1,1,0.6273018024713061,0,0.43733893249478917
821-000995-A-0041,4.0,1,0,0.4131574898617708,0,0.16160178750286
831-003028-A-0101,4.0,1,1,0.9115880477494371,1,0.6001828319785306
244-023633-A-0161,5.0,1,1,0.9634067789901278,1,0.8040884700711531
823-001665-A-0221,4.0,1,1,0.9958504839972968,1,0.9020985818879168
314-004233-A-0111,4.0,1,1,0.9636143861870243,1,0.9801103190014329
721-014617-A-0211,4.0,1,1,0.9276562206981248,1,0.6913802149004056
262-009780-A-0141,5.0,1,1,0.9709349483680996,1,0.8898689714056884
532-003322-A-0011,4.0,1,1,0.9023724070345174,1,0.7611690644781475
441-006427-D-0041,3.0,1,1,0.8187855266756164,1,0.6251879427107007
264-017349-A-0011,4.0,1,1,0.9496970312926452,1,0.876750512720896
543-003994-A-0011,4.0,1,1,0.971727938840098,1,0.6696738824695746
313-001432-A-0171,3.0,1,1,0.9843294858635414,1,0.956432585243095
263-015521-A-0301,2.0,1,1,0.8732686176141083,1,0.8442458748310195
832-003161-A-0581,2.0,1,1,0.5594339289244504,0,0.32942441307265014
214-006642-A-0281,4.0,1,0,0.263865702436041,1,0.5593973373073565
713-006884-A-0251,4.0,1,1,0.9500015932958739,1,0.894617235755435
242-024601-D-0011,4.0,0,1,0.7880451316402637,1,0.5960094727073313
222-018704-A-0091,6.0,1,1,0.9712377967268782,1,0.6228160338617427
312-000624-A-0031,4.0,1,1,0.9525428018052005,1,0.820191253627225
731-017936-A-0261,3.0,1,1,0.6424740670761109,0,0.3680433510957857
261-008021-A-0181,6.0,1,1,0.9962427530676541,1,0.9425426955121028
314-004413-A-0331,3.0,1,1,0.9516813702841862,1,0.8001110680638639
312-000495-A-0211,4.0,1,1,0.995981511743749,1,0.9322158726207801
712-003224-A-0151,3.0,1,1,0.9706795070750057,1,0.9384709567480696
262-009305-A-0201,5.0,1,1,0.870991725938985,1,0.9799070101096392
813-000434-A-0151,3.0,1,1,0.814411907609354,1,0.6745628528187305
244-021740-A-0131,2.0,1,0,0.4826496668210597,0,0.22561101713988177
723-012334-A-0101,3.0,1,1,0.9622148868871212,1,0.9543186753446431
712-001695-A-0121,3.0,1,1,0.9785975238713678,1,0.8695790235166166
412-000536-A-0011,4.0,1,1,0.9784249795363436,1,0.7294441673464034
214-006401-A-0661,4.0,1,1,0.9901419827066809,1,0.8781194368956357
152-003967-D-0111,3.0,1,1,0.5006254497437302,0,0.21443677704847644
212-000973-A-0101,5.0,1,1,0.9539500315460058,1,0.8238289236914741
823-001665-A-0131,3.0,1,1,0.934882400959607,1,0.6771665996281802
721-012495-A-0861,4.0,1,1,0.8154077886368346,0,0.337393366589919
951-001039-D-0011,3.0,1,1,0.7017653073757534,0,0.3502290275592468
511-000003-A-0011,6.0,1,1,0.9561237868497733,1,0.8224561836016216
613-000806-A-0011,4.0,1,1,0.6489461226493676,0,0.4204498965690782
114-002160-A-0031,5.0,1,1,0.959853394576396,1,0.9779311585121787
623-002124-A-0231,2.0,1,1,0.982347062177626,1,0.9392642787546805
222-018926-A-0261,5.0,1,1,0.8534417634224504,1,0.5109644059728112
533-001749-A-0041,4.0,1,1,0.9624552694823331,1,0.8449161384999976
213-001757-A-0121,4.0,1,1,0.9560169024256933,1,0.7120197804228836
262-012904-A-0051,4.0,1,1,0.9613421009344739,1,0.636817456491131
214-006080-A-0061,2.0,1,1,0.7945089898156713,0,0.4454885088917966
541-006878-D-0241,4.0,1,1,0.9509914387232885,1,0.7699756208867153
153-005291-D-0111,4.0,1,1,0.9320863407074743,1,0.7634501313809591
712-001586-A-0071,3.0,1,1,0.7391327400333697,1,0.9377669848766302
711-000925-A-0101,4.0,1,1,0.8810677319537699,1,0.9121465986471573
411-000372-A-0401,4.0,1,1,0.8086920816890036,0,0.4974299122823245
314-005713-A-0841,4.0,1,1,0.9901959539799937,1,0.8935671095732324
743-020984-A-0081,5.0,1,1,0.5784004453076911,0,0.3489243303097073
622-002323-A-0171,3.0,1,1,0.9703415612465437,1,0.9647548670483913
413-002497-A-0121,4.0,1,1,0.9781084385814645,1,0.9000081350375094
723-012979-A-0041,5.0,1,1,0.9411394041014457,1,0.961076821900768
312-000823-A-0181,3.0,1,1,0.9966546510496388,1,0.9450561025872252
533-002196-A-0191,5.0,1,1,0.9889127844699772,1,0.918659496562933
931-000547-A-0021,4.0,1,1,0.7754489685414773,1,0.6282861004874282
744-023178-D-0121,4.0,1,1,0.6878127221674697,0,0.41476829037406465
553-006644-D-0141,4.0,1,1,0.9482413133199449,1,0.574439300017758
143-004823-D-0031,4.0,1,1,0.9159046718584978,1,0.8564537754624357
133-002537-A-0051,3.0,1,1,0.9884788743354007,1,0.8761436458409556
454-005133-A-0011,3.0,1,1,0.9914074498354959,1,0.8209726440414612
214-004649-A-0521,4.0,1,1,0.9671851263263062,1,0.824949900289539
952-000836-D-0131,4.0,1,1,0.882131886168592,1,0.548892736622225
114-002021-A-0031,4.0,1,1,0.9200870766187319,1,0.8629573859894316
632-002789-A-0231,4.0,1,1,0.9953374023150263,1,0.9209080332522784
323-010252-A-0131,6.0,1,1,0.9850242484398692,1,0.7827657796912378
711-000842-A-0051,4.0,1,1,0.5783484167302557,0,0.47003228347153003
642-003569-A-0031,3.0,1,1,0.9303771465796323,0,0.26049758597536127
213-002797-A-0151,4.0,1,1,0.9678529482049547,1,0.9239894401428502
814-000883-A-0021,2.0,1,1,0.969523352103499,1,0.7849181094996799
313-002164-A-0221,3.0,1,1,0.9317025382782949,1,0.788168569086704
151-004332-D-0131,3.0,1,1,0.9081169530054062,1,0.8058455517008131
614-001261-A-0491,4.0,1,1,0.9732690257937816,1,0.9476528001062252
212-000254-A-0191,4.0,1,1,0.9822282566950103,1,0.7976622273624905
332-006851-A-0011,4.0,1,1,0.9968214855882076,1,0.9251129735300058
213-003452-A-0071,3.0,1,1,0.8260122794467921,0,0.436048270496814
413-002288-A-0021,2.0,1,1,0.932609789300912,1,0.7326065693567827
552-007138-D-0011,3.0,1,1,0.5546759353625865,0,0.3054787777874789
723-013128-A-0181,4.0,1,1,0.9443847021466716,1,0.913368714915759
313-002526-A-0181,2.0,1,1,0.8664831502835509,1,0.668772061757952
713-004442-A-0081,2.0,1,1,0.64798761649408,0,0.2551413180675615
222-019049-A-0091,3.0,1,1,0.6635613756622921,0,0.3245358228163338
912-000225-A-0101,4.0,1,1,0.7526968597008976,0,0.331597646238528
314-004829-A-0231,7.0,1,1,0.9646650548881371,1,0.8644643053999366
324-010856-A-0111,3.0,1,1,0.8954308353986162,1,0.6363098730622103
314-005227-A-0061,3.0,1,1,0.9887953340349268,1,0.9093330702099244
613-000517-A-0011,5.0,1,1,0.958139414937029,1,0.9607910733241734
212-000914-A-0101,4.0,1,1,0.9325167331736488,1,0.9704871056392007
724-017891-A-0171,3.0,1,1,0.8664213404995297,1,0.9423534564352063
222-018704-A-0091,5.0,1,1,0.8804738056465837,1,0.6343255845440854
314-004640-A-0051,8.0,1,1,0.9795040192280354,1,0.8806253163470829
413-001789-A-0121,5.0,1,1,0.9312991854387672,1,0.8484717883663826
222-006863-A-0341,2.0,1,1,0.6124402980966103,0,0.4222584312224662
553-006047-D-0291,7.0,1,1,0.9697651212591055,1,0.7004202207354355
323-010047-A-0281,3.0,1,1,0.9551198561529786,1,0.9037931775502104
553-007544-D-0171,3.0,1,1,0.8107564186597581,0,0.41226063851173683
732-015084-A-0241,4.0,1,1,0.805261409422952,1,0.8909073604217372
314-006592-A-0111,3.0,1,1,0.8831198345448541,1,0.700618950867791
323-010612-A-0121,3.0,1,1,0.9326484892226888,1,0.9896546119262404
714-009569-A-0011,4.0,1,1,0.9114914367902306,1,0.7838918889422264
831-002594-A-0071,4.0,1,1,0.9131247202568055,1,0.6272039022093078
713-008406-A-0161,6.0,1,1,0.9277251024474784,1,0.8859136288734293
314-003437-A-0111,3.0,1,1,0.697949506828393,1,0.5252394722092615
814-000658-A-0091,2.0,1,0,0.4401951443979009,0,0.32367140548178847
314-004640-A-0211,4.0,1,1,0.9825411210993942,1,0.9619351244942425
523-003162-A-0121,3.0,1,1,0.7819953910936264,1,0.6016085478394276
622-001897-A-0011,3.0,1,1,0.8121775890337136,1,0.5752593216001652
263-015521-A-0171,4.0,1,1,0.8438604474894464,0,0.4960912637686319
214-004573-A-0061,3.0,1,1,0.9040503310416697,1,0.5362607996464336
213-003452-A-0051,3.0,1,1,0.9955157632331323,1,0.9136521318375238
812-000322-A-0051,3.0,1,1,0.9892234391074155,1,0.902937393674589
222-018746-A-0151,3.0,1,1,0.9740590262903343,1,0.8150852329903524
351-014883-D-0041,3.0,1,1,0.8589215076616472,1,0.6832076569072192
634-003286-A-0171,4.0,1,1,0.7405622789634015,1,0.9151051714454266
513-001030-A-0221,4.0,1,1,0.9759462771023696,1,0.6678471294661171
213-001428-A-0301,6.0,1,1,0.81957502583766,0,0.3716904546838522
441-006550-D-0101,7.0,1,1,0.9725609809425371,1,0.7274575013140943
232-019531-A-0051,3.0,1,1,0.9696746751402939,1,0.7093144663839702
253-025040-D-0051,2.0,1,1,0.541192706464418,0,0.25059063366084766
244-021740-A-0031,3.0,1,1,0.5658662920747556,0,0.24615270149909596
843-003272-A-0051,3.0,1,1,0.9690379706366237,1,0.9317748725733549
711-000444-A-0181,5.0,1,1,0.9305853720270233,1,0.8493686934652672
623-002671-A-0161,3.0,1,0,0.12128846950842875,0,0.3321354785078328
614-001863-A-0041,4.0,1,1,0.9761596588579154,1,0.9089987922164182
711-000003-A-0111,5.0,1,1,0.9227048359487581,1,0.9035554471256504
843-003272-A-0021,3.0,1,0,0.4856976657558989,0,0.1636534767675899
142-003210-A-0051,2.0,1,1,0.5994895456676843,0,0.3400208193603559
714-009569-A-0101,4.0,1,1,0.9517581162531478,1,0.6043677218144076
713-006537-A-0271,3.0,1,1,0.753541349586423,0,0.3799031522984885
732-015084-A-0201,2.0,1,1,0.877353185035178,1,0.9357373068862498
713-006884-A-0071,2.0,1,1,0.8584566038340778,0,0.49175988363477724
261-007325-A-0251,3.0,1,1,0.8574325701231692,1,0.9818006068648598
712-003902-A-0171,2.0,1,1,0.9327215736691127,1,0.862055719298055
114-001814-A-0111,4.0,1,1,0.985756334894275,1,0.9781239240851185
312-000930-A-0071,3.0,1,1,0.9325204765405071,1,0.7588900581771102
262-010187-A-0041,2.0,1,1,0.8131048021348671,1,0.6542649108165963
222-020535-A-0221,2.0,1,1,0.9130324388377659,1,0.7776747561965713
212-000795-A-0261,4.0,1,1,0.9881247570359447,1,0.8701174561406204
722-012849-A-0061,5.0,1,1,0.9513780043531082,1,0.7419646051267201
713-006701-A-0091,4.0,1,1,0.7050986057846987,0,0.4837373406643763
652-004259-D-0131,3.0,1,1,0.9333687923663845,1,0.6662293217450784
211-000040-A-0301,5.0,1,1,0.9309977991570243,1,0.861744392585044
643-004019-D-0301,4.0,1,1,0.60599744921961,0,0.27019080781345395
314-004682-A-0321,5.0,1,1,0.7899400550521903,1,0.591998950658165
511-000108-A-0121,3.0,1,1,0.8586877014546963,1,0.9731121546542318
263-013152-A-0021,3.0,1,1,0.9336220430775154,1,0.6573369149811522
314-005340-A-0081,4.0,1,1,0.9696477176065073,1,0.8096192379334999
142-003210-A-0111,6.0,1,1,0.995622884137949,1,0.7071483095148781
911-000020-A-0111,7.0,1,1,0.9316218950228332,1,0.9744100770341408
262-009630-A-0121,5.0,1,1,0.9375049935432507,1,0.7208561824915846
241-021702-A-0131,3.0,1,1,0.6564434454313882,0,0.2390243322786864
814-000746-A-0151,3.0,1,1,0.9063395265811389,1,0.6768873612649283
512-000496-A-0011,2.0,1,1,0.8212497271107924,1,0.7898646588576214
443-004584-A-0121,4.0,1,1,0.9223390316976074,1,0.6144077775418343
712-001122-A-0011,4.0,1,1,0.9058626750368223,0,0.47533398804982346
712-001586-A-0031,3.0,1,1,0.9188325054584697,1,0.942040794458372
213-001778-A-0181,4.0,1,1,0.8913349965908378,1,0.6542064052935816
713-005713-A-0341,5.0,1,1,0.9507762277843307,1,0.5440583257456023
114-002078-A-0091,3.0,1,1,0.8118852447377188,1,0.5630137406625505
221-006775-A-0121,4.0,1,1,0.9421630517181613,1,0.9173168044986628
314-004171-A-0021,2.0,1,1,0.8696240124081182,0,0.4589211272406502
953-001042-D-0121,3.0,0,1,0.8442403349832267,0,0.2283909427210423
443-004829-A-0121,1.0,1,1,0.727339574265933,0,0.45961777495025824
311-000019-A-0231,2.0,1,0,0.4941647062708379,0,0.19641440067099533
324-008629-A-0251,3.0,1,1,0.7076492425991838,0,0.4646084580695934
524-003207-A-0071,3.0,1,1,0.9936437810380433,1,0.9058087359956382
261-007698-A-0261,3.0,1,0,0.36327492501041436,0,0.05192973699505351
432-003623-A-0041,5.0,1,1,0.9932369613065198,1,0.9736734350692673
112-000438-A-0091,4.0,1,1,0.990957332560259,1,0.9428739688214874
713-005885-A-0051,4.0,1,1,0.9331075582692099,1,0.6272849257928192
222-018837-A-0051,3.0,1,1,0.9922866578235181,1,0.8856443235997472
314-005910-A-0051,5.0,1,1,0.9962840688984356,1,0.9704246429137041
453-006231-D-0121,5.0,1,1,0.9199455046101132,1,0.6309228164563645
314-005616-A-0291,4.0,1,1,0.9995564527824669,1,0.962171223806736
751-023647-D-0121,4.0,1,1,0.6998416812052592,0,0.14684039360502968
112-000564-A-0061,3.0,1,0,0.4346285034258466,0,0.3290260099144008
752-022283-D-0271,4.0,1,0,0.4806906333788683,0,0.1369511822261909
212-000914-A-0101,3.0,1,1,0.9024218419357853,1,0.743229434735354
341-014869-D-0261,4.0,1,1,0.9222912979019267,1,0.7318304820529312
522-003465-A-0011,4.0,1,1,0.8821281354213181,1,0.6597598355249663
344-013086-A-0031,5.0,1,1,0.7029601819604092,1,0.5877779538565917
314-003864-A-0071,5.0,1,1,0.6705236450223061,0,0.4255614516944777
751-023647-D-0131,6.0,1,1,0.806870662195655,1,0.897688668598889
432-004307-A-0011,7.0,1,1,0.9448772711914232,1,0.8223152568045136
312-000504-A-0091,4.0,1,1,0.9993075517460817,1,0.9239824714889202
533-002196-A-0111,3.0,1,1,0.9191222366824542,1,0.7873568901312361
733-016046-A-0241,3.0,1,1,0.9507158352253303,1,0.9121618268846275
522-003535-A-0051,3.0,1,1,0.8700437711894574,1,0.9706407489064512
314-005227-A-0221,4.0,1,1,0.8081167120410031,1,0.6867334662309866
113-000893-A-0011,3.0,1,1,0.977523052241621,1,0.819508738354341
313-002913-A-0031,4.0,1,1,0.9995564527824669,1,0.9387849448818586
411-000372-A-0401,5.0,1,1,0.8865852459785014,1,0.7415887270669212
953-000917-D-0141,7.0,1,1,0.8896101477407056,1,0.7483411560082867
931-000577-A-0011,3.0,1,1,0.9904964979323296,1,0.8441021714894412
314-006043-A-0151,3.0,1,1,0.9351455423005399,1,0.6502999171919611
514-001650-A-0321,2.0,1,1,0.9948281525844248,1,0.9033738533913198
313-001759-A-0281,3.0,1,1,0.9992774403827267,1,0.9811300438200815
312-000624-A-0061,4.0,1,1,0.9925398207409463,1,0.928134880129386
714-008911-A-0471,4.0,1,1,0.8514435422833899,0,0.482570278110623
814-000746-A-0151,4.0,1,1,0.9642141078287184,1,0.8586384019844778
154-003762-D-0011,2.0,1,1,0.9812731722109628,1,0.8831469713615663
223-019068-A-0171,3.0,1,1,0.8891558428905976,1,0.9772852546011175
713-008025-A-0031,3.0,1,1,0.8969753409373455,1,0.8283831915036857
211-000040-A-0301,4.0,1,0,0.49722393737050247,0,0.2760762306721801
743-020296-A-0361,6.0,0,0,0.285941786654201,0,0.012370416740672735
714-009369-A-0081,4.0,1,1,0.968724426233115,1,0.8490008683930653
713-006294-A-0131,3.0,1,1,0.9607562601766605,1,0.8716930555445154
722-014689-A-0551,2.0,1,1,0.5201370421492353,0,0.12524064922049943
613-001018-A-0201,3.0,1,1,0.9090066745029735,1,0.5644762790921168
343-015468-D-0791,3.0,1,1,0.9639632758986642,1,0.8496055376723557
744-022007-D-0421,7.0,0,0,0.22463614771288665,0,0.06521661517586748
614-001379-A-0111,3.0,1,1,0.9211290072371315,1,0.6574082533082644
231-019706-A-0011,4.0,1,1,0.951166472419974,1,0.9573775081916038
721-018021-A-0241,3.0,1,1,0.8657345218609703,0,0.44687859442629835
742-020200-A-0061,6.0,1,1,0.9390318152119584,1,0.7078123706839863
731-018410-A-0041,2.0,1,1,0.9391470655001111,1,0.8068802018551571
263-015943-A-0051,3.0,1,0,0.40338647222136836,0,0.18183805315029902
152-005059-D-0281,4.0,1,1,0.6767485864000954,0,0.4718128706268787
613-000402-A-0861,2.0,1,1,0.8560882307713913,1,0.6135907118469114
252-029477-D-0361,4.0,1,1,0.9756520763233626,1,0.5707024364157416
822-001461-A-0011,6.0,1,1,0.9605237258476806,1,0.9183219892225353
712-003130-A-0331,3.0,1,1,0.8518609687300286,0,0.48347030899494686
514-001418-A-0191,3.0,1,1,0.9973465856592812,1,0.9724600349871507
732-019017-A-0011,4.0,1,1,0.8111427645773257,0,0.4709249580446954
261-008021-A-0181,7.0,1,1,0.8786274423125204,1,0.9783901878240605
153-004743-D-0031,7.0,1,1,0.8957553307400322,1,0.7183930952053674
442-005461-A-0111,3.0,1,1,0.9833203301441853,1,0.7377949406936316
711-000925-A-0261,3.0,1,1,0.7945839341510644,0,0.3307232965967887
152-004376-D-0021,4.0,1,1,0.9585481162636207,1,0.8297503555525171
711-000125-A-0291,3.0,1,1,0.7021539927180288,0,0.15943922045635292
221-018596-A-0341,5.0,1,1,0.8101866077230911,1,0.5903729591572711
132-002776-A-0281,2.0,1,1,0.8986694507283588,1,0.6601759915790345
721-015811-A-0141,3.0,1,1,0.9422735373594111,1,0.8647285635102945
214-004330-A-0511,3.0,1,1,0.9811419786110593,1,0.9730251421927085
262-012024-A-0081,3.0,1,1,0.9472622551608443,1,0.785791868553149
532-002410-A-0091,3.0,1,1,0.9403818582128628,1,0.7926891472989397
314-006324-A-0011,3.0,1,1,0.971268998351771,1,0.8533761539934513
311-000128-A-0041,3.0,1,1,0.7298633439827292,1,0.5702227282999516
712-001253-A-0171,2.0,1,1,0.7943318315731658,0,0.27977320401685496
522-001997-A-0111,2.0,1,1,0.9832161632136273,1,0.9822229529377516
713-008743-A-0321,3.0,1,1,0.8860398550224605,1,0.5534896629068613
313-001577-A-0031,5.0,1,1,0.7870699376751348,0,0.3507088154314858
263-014332-A-0261,5.0,1,1,0.9817582034106925,1,0.9813187921258233
143-005139-D-0101,5.0,1,1,0.6622504186940747,1,0.8976402848280637
722-019369-A-0171,2.0,1,1,0.9617024682902529,1,0.8192779983817877
351-015465-D-0091,4.0,1,1,0.8806746915995127,0,0.23624803207440642
953-000688-D-0121,2.0,1,1,0.8574932744371805,1,0.5152645565340263
911-000010-A-0121,4.0,1,1,0.9865738629231221,1,0.9017492522826906
813-000434-A-0191,3.0,1,1,0.6636389032963561,1,0.9608173420337368
323-010185-A-0131,2.0,1,1,0.9995564527824669,1,0.9395888417894455
552-004707-A-0121,3.0,1,1,0.9952630028087351,1,0.7181760305190728
262-011135-A-0101,3.0,1,1,0.9667118923583556,1,0.7415885335683419
151-003996-D-0111,3.0,1,1,0.5089523543775233,0,0.292503682179416
151-004182-D-0201,4.0,1,1,0.806017160936935,0,0.31662984949150075
341-015167-D-0151,5.0,1,1,0.961439506417651,1,0.7738588970077891
344-013086-A-0201,4.0,1,1,0.9877632567875558,1,0.94050991343863
313-001823-A-0161,3.0,1,1,0.9992774403827267,1,0.9484621814363929
314-006181-A-0011,3.0,1,1,0.9627429138207606,1,0.8498012337080716
113-001020-A-0061,4.0,1,1,0.9352563684760774,1,0.9804112753365938
614-001432-A-0341,3.0,1,1,0.969243862484563,1,0.8787072529336566
713-008545-A-0101,3.0,1,1,0.9460577116953698,1,0.6569861617430567
442-005461-A-0071,4.0,0,0,0.4004824804539566,0,0.03361548216595906
714-011725-A-0141,3.0,1,1,0.7718389277406905,0,0.32896257483439195
312-000823-A-0091,4.0,1,1,1.0,1,0.9371142946939464
744-022007-D-0221,7.0,1,1,0.7983557793515557,1,0.8589966354128064
612-000160-A-0091,5.0,1,1,0.8978531929064624,1,0.6623247169332083
941-000970-D-0071,3.0,0,1,0.6333102215722332,0,0.24094062442448835
213-001695-A-0341,4.0,1,1,0.9179201387038787,1,0.6971645166715152
213-001375-A-0341,4.0,1,1,0.9128375622018285,1,0.5441240434715109
914-000470-A-0061,4.0,1,1,0.9726077036993642,1,0.9035022271937061
733-016092-A-0121,6.0,1,1,0.8431641586480342,1,0.7033412863033685
642-003701-D-0461,3.0,1,0,0.4783739337123008,0,0.19287749746733132
943-000628-A-0061,5.0,1,1,0.9417185960333755,1,0.7194840297547387
252-029035-D-0041,3.0,1,1,0.9458369692183591,1,0.6015982195180795
322-008386-A-0041,3.0,1,1,0.7261269940880654,1,0.5207216478452428
713-005200-A-0101,3.0,1,1,0.8727563077710369,0,0.3991213439227271
552-006130-D-0081,3.0,1,1,0.9870144713433431,1,0.8907655218925353
941-000909-D-0071,4.0,1,1,0.8302329165036578,1,0.7354212043897699
712-002940-A-0251,5.0,1,1,0.831892343670016,1,0.8056347964427977
742-023019-D-0181,5.0,1,1,0.7931744088350011,0,0.2755952358892714
812-000322-A-0191,4.0,1,1,0.9622036394999615,1,0.745114248867765
543-007660-D-0081,3.0,1,1,0.9866780655026417,1,0.8848296920064845
912-000131-A-0021,4.0,1,1,0.8163484185070509,0,0.3674585143890828
643-003384-A-0051,3.0,0,0,0.4090107514480615,0,0.003921112573659153
314-004411-A-0011,6.0,1,1,0.966912087956595,1,0.9575952359603144
611-000006-A-0011,4.0,1,1,0.8156675987651335,1,0.619076265922781
353-016863-D-0171,4.0,1,1,0.9749488960996248,1,0.7954477854938086
133-002682-A-0091,3.0,1,1,0.9871859059961348,1,0.8354843768033532
414-002893-A-0161,2.0,1,1,0.9934469774595192,1,0.9528263778327095
722-012849-A-0291,3.0,1,1,0.7682044217456455,0,0.21093771242227738
324-008623-A-0501,3.0,1,1,0.9652356333677534,1,0.8863050795503846
713-007814-A-0211,2.0,1,0,0.19525766824526603,0,0.38707370744323205
222-018816-A-0081,2.0,1,1,0.9571275219586312,1,0.6689305058545217
262-012904-A-0051,3.0,1,1,0.9613421009344739,1,0.636817456491131
931-000581-A-0111,5.0,1,1,0.9872214042105814,1,0.9508389689221799
324-007681-A-0051,3.0,1,1,0.8428363156652683,1,0.6511620581549371
952-000877-D-0091,3.0,1,1,0.9279526812394862,1,0.7850837989617869
623-002671-A-0131,3.0,1,1,0.9660132134258117,1,0.7261951507112129
713-007157-A-0181,3.0,1,1,0.8761328176158277,1,0.7402156101520184
623-002124-A-0041,4.0,1,1,0.937640742234151,1,0.5194044251057188
152-003967-D-0101,3.0,1,0,0.26426800684655594,0,0.0839618843059863
262-010993-A-0101,5.0,1,1,0.9180622772402057,1,0.777997164251141
823-002041-A-0081,2.0,1,1,0.9952312481462241,1,0.9433700987724501
232-019531-A-0191,2.0,1,1,0.6926987021865346,0,0.27534428254714094
223-019292-A-0381,3.0,1,1,0.9823306360558354,1,0.9382791781050712
262-010993-A-0181,4.0,1,1,0.855487462467748,1,0.9347290660072866
262-012737-A-0131,4.0,1,1,0.9887391694000862,1,0.9293329374853829
212-000853-A-0211,4.0,1,1,0.8696867989859989,1,0.9860586846484649
953-000856-D-0051,3.0,1,1,0.8646125734478756,1,0.5121255607921128
643-003384-A-0031,3.0,1,1,0.6592053507588302,0,0.40193896744541896
313-003171-A-0101,4.0,1,1,0.8095791646281497,1,0.5919249933890258
652-004466-D-0301,2.0,1,1,0.9489764462378961,1,0.8467465551590827
112-000760-A-0151,4.0,1,1,0.7331485014482175,0,0.33943439722311036
713-008545-A-0151,3.0,1,1,0.9806158112784116,1,0.8852319874707002
112-000438-A-0231,6.0,1,1,0.9374494331772517,1,0.8714322449471535
414-002893-A-0131,3.0,1,1,0.7668618962191305,0,0.34394681530722426
822-001349-A-0011,3.0,1,1,0.9899261079775361,1,0.8668575139554587
152-004464-D-0051,4.0,1,1,0.8899424267239511,1,0.732026929003484
952-000836-D-0191,3.0,1,1,0.5057469485344963,0,0.1899667256796992
712-001476-A-0181,3.0,1,1,0.9598061638456457,1,0.7714578018934574
152-003880-D-0091,2.0,1,0,0.3715956655914026,0,0.17793022774011677
214-005688-A-0011,3.0,1,1,0.8697259817577577,1,0.632914394392434
422-004035-A-0181,3.0,1,1,0.984360168778417,1,0.9238797935730477
241-021702-A-0211,8.0,0,1,0.7417842364681149,1,0.5747056641329729
721-012495-A-0331,4.0,1,1,0.9412864503620136,1,0.8426618904500889
614-001169-A-0311,4.0,1,1,0.7275821890505758,0,0.48601067045589225
931-000547-A-0151,5.0,1,1,0.9306477697061776,1,0.5613885976931294
713-006985-A-0041,3.0,1,1,0.9162380455231304,1,0.5128506231748668
713-006537-A-0341,3.0,0,1,0.8634103555590861,1,0.7069516265203617
263-015943-A-0191,3.0,1,1,0.7616713218668612,1,0.5351181652013364
711-000925-A-0141,2.0,1,1,0.9771805108690049,1,0.7289089351543091
312-000504-A-0221,3.0,1,1,0.9827140783039251,1,0.9718765792309798
943-000628-A-0071,3.0,1,1,0.6453785963955884,0,0.3349680500589765
314-004003-A-0041,7.0,1,1,0.8810927916120257,1,0.949754509593874
214-005642-A-0581,4.0,1,1,0.9797468017475092,1,0.9654447424651738
914-000539-A-0111,5.0,1,1,0.8010215903541482,1,0.519579218511746
154-003762-D-0081,3.0,1,0,0.35416607798879085,0,0.15101075407876247
651-004218-D-0091,3.0,1,1,0.7723443339466688,1,0.9147025482478358
441-007244-D-0151,3.0,1,0,0.4810698483131326,0,0.10072136670441495
451-007258-D-0011,4.0,1,1,0.9064763374977582,1,0.647478086846446
214-005789-A-0071,3.0,1,1,0.8334995685285853,1,0.9619503536385061
544-005911-D-0271,7.0,1,1,0.9707785715703428,1,0.5780287329981695
714-011282-A-0201,4.0,1,1,0.9592729464655533,1,0.6851802543777148
514-001460-A-0301,3.0,1,1,0.8947058942993806,1,0.949353585956807
232-019531-A-0191,4.0,1,1,0.946753320984969,1,0.9800239307192854
411-000098-A-0061,5.0,1,1,0.9408641147949602,1,0.8719249027677062
262-010569-A-0211,3.0,1,1,0.8875048997427009,1,0.6512919892111216
821-001056-A-0031,3.0,1,1,0.9630399615585329,1,0.7419387971330306
333-006818-A-0111,3.0,1,1,0.995971831784444,1,0.952226119868948
153-003925-D-0071,3.0,1,1,0.9640793454573827,1,0.9111492700896828
263-015928-A-0161,3.0,1,1,0.8504686847361782,1,0.9489711216060591
713-006453-A-0131,3.0,1,1,0.9646360745444343,1,0.6466335816034327
151-004182-D-0051,4.0,1,1,0.6047153033138183,0,0.21400240455156813
712-002223-A-0141,4.0,1,1,0.9294833637816686,1,0.5692303438715693
244-021740-A-0091,3.0,1,1,0.9209746700888386,1,0.6054768688608949
742-020200-A-0061,3.0,1,1,0.9108072557658943,1,0.6189462228193158
263-013526-A-0111,3.0,1,1,0.9945455368785656,1,0.9866289924874908
152-005272-D-0011,4.0,1,1,0.6262546747826526,0,0.2313196952110335
951-000943-D-0051,6.0,1,1,0.8563186736494265,1,0.9000119978941293
943-000628-A-0111,7.0,1,1,0.9247765313650482,1,0.8524110790849457
151-004332-D-0171,2.0,0,0,0.43024069797200015,0,0.32109142126994916
422-003799-A-0221,4.0,1,1,0.8682131395143979,1,0.6073965034227035
613-000582-A-0061,3.0,1,1,0.9765163256482757,1,0.8992306722693626
311-000019-A-0181,4.0,1,1,0.6382009325440166,0,0.3769855930688705
731-013229-A-0101,3.0,1,1,0.8938144241150987,1,0.7874258651425405
914-000451-A-0051,5.0,1,1,0.9762342322445645,1,0.9669137622434913
643-004096-D-0791,4.0,1,1,0.955634985643818,1,0.8526933174480248
454-005133-A-0051,3.0,1,1,0.9281023022224548,1,0.6022332030081089
723-015398-A-0111,4.0,1,1,0.9805658472649948,1,0.8958081053065097
951-000943-D-0131,4.0,1,0,0.35398515790469803,0,0.1503081235164806
314-003798-A-0401,3.0,1,1,0.9806966925196018,1,0.9692974158511586
241-021702-A-0211,6.0,1,0,0.4755948674781522,1,0.6434071359692244
112-000822-A-0221,1.0,1,1,0.7491302075852327,1,0.6897695905986251
713-008065-A-0291,4.0,1,1,0.9104231055909247,1,0.8962034342984112
622-002370-A-0041,3.0,1,1,0.9709502074416457,1,0.7281068004535841
261-007183-A-0131,4.0,1,1,0.84280588138398,1,0.5642284982299525
544-003946-A-0021,2.0,1,1,0.7777341676622941,0,0.385087975413375
713-007617-A-1301,3.0,1,1,0.6158566045470858,1,0.9692245003190066
263-016881-A-0061,4.0,1,1,0.897606752670729,1,0.6357645335432074
941-000909-D-0421,4.0,1,1,0.8756353474550189,1,0.9175818080468396
112-000564-A-0101,3.0,1,1,0.9716728291649888,1,0.939884901884052
262-008837-A-0171,3.0,0,0,0.14307381233515268,0,0.40009058928038516
333-006869-A-0031,3.0,1,1,0.6942005745267904,0,0.3979939699501419
413-001878-A-0141,3.0,1,1,0.9628367222462367,1,0.7918887722622807
213-003603-A-0461,3.0,1,1,0.9496352278540526,1,0.956319505581279
323-007334-A-0711,3.0,1,1,0.9947951755630408,1,0.8989304161856965
353-015397-D-0641,3.0,1,1,0.9608758708064667,1,0.7682174836475766
953-000917-D-0081,3.0,1,1,0.5484217732985085,0,0.2678329510205936
912-000257-A-0061,4.0,1,1,0.9924867012482572,1,0.8199890122681983
351-017513-D-0091,4.0,1,1,0.8529279055294217,1,0.7671146231675218
143-004823-D-0261,5.0,1,1,0.9709144188285563,1,0.6831018821665494
214-005554-A-0031,4.0,1,1,0.9864405674878164,1,0.8251746316048711
744-019953-A-0041,2.0,1,0,0.3347489795492162,0,0.132906327334699
223-020589-A-0061,3.0,1,1,0.9242945602655402,1,0.8268121997818063
261-007038-A-0221,3.0,1,1,0.9822460523678922,1,0.9436886915162183
314-006592-A-0041,4.0,1,1,0.947432157600966,1,0.9771129120090241
623-001965-A-0201,3.0,1,1,0.9726763210727932,1,0.836912791913032
624-002163-A-0421,3.0,1,1,0.8820075246969693,1,0.5444699356979671
513-001115-A-0031,5.0,1,1,0.9330205020011371,1,0.7130607967451513
214-005596-A-0011,5.0,1,1,0.983709386133595,1,0.8511416273610249
213-003667-A-0191,3.0,1,1,0.9401248272640789,1,0.5559777663376456
742-020200-A-0231,4.0,1,1,0.9441739899788553,1,0.6575621918179855
544-003946-A-0121,4.0,1,1,0.8375837301700066,1,0.9403697800445192
351-015606-D-0161,5.0,1,1,0.9783916237118798,1,0.7935552628297483
152-005272-D-0111,4.0,1,1,0.9855441677947465,1,0.8173195260849422
614-001379-A-0031,2.0,1,1,0.9725269161687068,1,0.7850132324160126
313-002296-A-0131,5.0,1,1,0.9814204891371903,1,0.9008412734677883
214-005380-A-0051,4.0,1,1,0.9825019276092954,1,0.9555281341227247
413-001577-A-0091,5.0,1,1,0.9628182241432038,1,0.7986311050266621
714-011615-A-0221,3.0,1,1,0.924396619705811,1,0.7020778407990023
263-014842-A-0071,3.0,1,1,0.73750262911075,0,0.3523653335826703
344-014453-D-0041,3.0,1,1,0.5646331870960656,0,0.311343900933462
723-016381-A-0021,3.0,1,1,0.9573545607742333,1,0.8294274718838227
322-009687-A-0131,3.0,1,1,0.9524214167423711,1,0.8571205424905471
552-006676-D-0191,4.0,1,1,0.8202281106336415,1,0.8858883799527033
751-023647-D-0071,2.0,1,1,0.9001135913241579,1,0.6563450786897347
511-000108-A-0081,7.0,1,1,0.9602967985597476,1,0.9541764884027346
522-001997-A-0191,3.0,1,1,0.7005126493087535,0,0.4144072389230778
313-002587-A-0101,5.0,1,1,0.918504859262966,1,0.9075962510213019
552-006588-D-0291,3.0,1,1,0.6373310688740863,1,0.5410571009972102
611-000006-A-0101,6.0,1,1,0.9663187946483036,1,0.8671142219583821
712-003035-A-0141,3.0,1,1,0.8446461619013027,1,0.966133113890096
552-007982-D-0261,2.0,1,0,0.4732293776220368,0,0.19580295483149351
214-005033-A-0011,3.0,1,1,0.9943258516915083,1,0.9502599435813947
262-011889-A-0151,4.0,1,1,0.8054157555363163,1,0.970848944993961
913-000433-A-0071,3.0,1,1,0.8898030620379965,1,0.6588968118562739
713-005713-A-0341,3.0,1,1,0.8945035552410989,0,0.3891652879278389
651-004228-D-0131,4.0,1,0,0.4650910087628492,0,0.28098874136597213
314-004171-A-0131,8.0,1,1,0.9464101784207835,1,0.9733450527751412
722-017252-A-0031,3.0,1,1,0.965849482964034,1,0.7468980193724278
344-015667-D-0391,3.0,1,1,0.8647043733245133,1,0.973971820826205
712-002223-A-0141,3.0,1,1,0.8942607798910177,0,0.4017682000980106
744-021119-A-0081,4.0,1,1,0.8816553029478028,1,0.6808635828417443
851-003955-D-0081,3.0,1,1,0.7488064174416277,0,0.4342908406650431
241-028187-D-0711,5.0,1,1,0.760320788586088,1,0.9093996512162521
712-004089-A-0211,2.0,1,1,0.9500124990307921,1,0.9250407037366465
313-002026-A-0051,2.0,1,1,0.9708501511010342,1,0.9022343202038301
344-014453-D-0061,5.0,1,1,0.9952514117438329,1,0.8238282985132276
952-000877-D-0011,4.0,0,0,0.1858366384432062,0,0.03009821143064561
412-000860-A-0231,2.0,1,1,0.9741862198721541,1,0.9067455664398892
623-002671-A-0121,4.0,1,1,0.9851529807056245,1,0.9564731022614198
821-002777-A-0131,2.0,1,1,0.8959973490190964,1,0.5747834354767043
221-006775-A-0141,3.0,1,1,0.7108240018027362,0,0.4257518206138523
251-028378-D-0211,6.0,1,1,0.931922733796506,1,0.6865386345189188
213-002101-A-0301,7.0,1,1,0.9817630331641988,1,0.9732907494378523
713-008406-A-0431,4.0,1,1,0.8350751873601121,0,0.4853005458185852
334-006737-A-0111,3.0,1,1,0.9604213202671866,1,0.6709373789162335
144-003176-A-0061,3.0,1,1,0.8597652309373003,1,0.9820789957272839
722-013391-A-0071,3.0,1,1,0.6843508824989446,1,0.935406283922818
811-000029-A-0231,3.0,1,1,0.9887927457499199,1,0.9103401216065883
651-003951-D-0081,3.0,1,1,0.9400488682222624,1,0.5601278226168587
552-004707-A-0081,3.0,1,1,0.7877356833732647,1,0.9672937119324464
262-009780-A-0141,3.0,1,1,0.6917738002799729,1,0.5054136280718169
654-004359-D-0271,3.0,1,0,0.34852644531480803,0,0.06395417470670141
713-008025-A-0051,4.0,1,1,0.9449408133423757,1,0.6551217629996248
643-003384-A-0121,3.0,1,1,0.9544211314201342,1,0.8920198160678705
313-002228-A-0081,5.0,1,1,0.9684436504659666,1,0.9747426264300676
314-004345-A-0131,3.0,1,1,0.9995564527824669,1,0.978393666464953
213-001972-A-0681,6.0,1,1,0.963930319025541,1,0.8820941815117284
711-000554-A-0031,3.0,1,1,0.8695854790028926,1,0.5828262073560325
912-000131-A-0091,4.0,1,1,0.9942826711126054,1,0.9737543844884956
943-000638-A-0141,5.0,1,1,0.9808417138432128,1,0.9271566873577817
722-014689-A-0131,3.0,1,1,0.9369768853133098,1,0.6408896000538234
311-000073-A-0251,3.0,1,1,0.8112567534311793,1,0.7984947386528872
822-001489-A-0061,3.0,1,1,0.9674125381782313,1,0.9278915215305784
952-001020-D-0221,3.0,1,1,0.9157498234908985,1,0.8937135293477918
142-004969-D-0231,3.0,1,1,0.839590779727685,1,0.9376813653324535
812-000322-A-0031,4.0,1,1,0.9932638493764496,1,0.9112348592869557
732-014831-A-0251,5.0,1,1,0.8917878213407768,1,0.7756457986569675
412-001137-A-0191,4.0,1,1,0.91780650829246,1,0.6706573762214273
713-007334-A-0051,2.0,1,1,0.8373406026267619,0,0.4956610366245873
653-004340-D-0171,5.0,1,1,0.9501498647481456,1,0.862211544979584
143-004790-D-0051,5.0,1,0,0.42854047011408675,0,0.2268892006405499
313-001955-A-0011,5.0,1,1,0.9751859009679039,1,0.9404292799561489
262-010710-A-0131,3.0,1,1,0.7060075777070954,0,0.3597615367602616
714-009369-A-0091,4.0,1,1,0.9628640274288413,1,0.8248069664914771
261-008150-A-0041,4.0,1,1,0.952501895204936,1,0.9562031251197304
311-000073-A-0151,3.0,0,1,0.7026334374873844,0,0.3857602097110987
351-017513-D-0291,2.0,1,1,0.7210184902626942,0,0.43230077789606136
262-011889-A-0131,3.0,1,1,0.8438914225501604,0,0.4185460879469201
132-002505-A-0111,4.0,1,1,0.7796522159985734,0,0.4511259334694519
744-020611-A-0081,4.0,1,1,0.5531060171915753,0,0.14505823507801296
263-015387-A-0471,4.0,1,1,0.9989461133968753,1,0.9783097858067753
422-003799-A-0181,5.0,1,1,0.9268836010235161,1,0.9319866912438187
722-017133-A-0181,4.0,1,1,0.8235962986235643,1,0.8314663075789291
743-022135-D-0221,2.0,1,1,0.8784320236647026,1,0.8760021888272473
131-002736-A-0021,3.0,1,1,0.960953949209579,1,0.9065542325071873
852-003590-D-0221,3.0,1,1,0.5726520068590102,0,0.09905942109116908
623-002671-A-0101,2.0,1,1,0.988157251139754,1,0.9264847213081651
323-007476-A-0141,4.0,1,1,0.9979620448851217,1,0.9283127913643642
843-003272-A-0061,2.0,1,0,0.48132240891699096,0,0.15796464862203358
732-016720-A-0011,3.0,1,1,0.9215039641821593,1,0.5867249442121567
261-007325-A-0091,5.0,1,1,0.9768114787540867,1,0.8214951156463981
513-001030-A-0151,3.0,1,1,0.8676886941474695,1,0.9779405946042561
413-002605-A-0041,5.0,1,1,0.9474866414658646,1,0.9532842342212609
261-008021-A-0351,2.0,1,0,0.29206522999322065,0,0.3670016092880156
813-000434-A-0131,3.0,1,1,0.6391619933868015,0,0.24532570488225258
313-001687-A-0551,3.0,1,1,0.9716991521137913,1,0.785211643040212
411-000372-A-0051,4.0,1,1,0.9831461067827132,1,0.9552485090611195
142-003547-A-0311,7.0,1,1,0.9153953493024344,1,0.8818073785322538
822-001286-A-0111,2.0,1,1,0.9631793747337369,1,0.9542560125593783
421-003729-A-0171,4.0,1,1,0.9238647828615583,0,0.40030427061340484
312-001156-A-0051,5.0,1,1,0.8976017637979097,1,0.6128312235621666
843-003272-A-0011,5.0,1,1,0.8710681907624728,1,0.8276547101452113
852-004046-D-0131,4.0,1,1,0.8801795023888148,0,0.4819559831737125
323-010612-A-0301,4.0,1,1,0.9287370988576718,1,0.7808181953140008
712-003521-A-0321,3.0,1,1,0.7164004660222786,0,0.47486619154895016
852-003590-D-0251,3.0,1,1,0.8347227852179291,0,0.2450045608884317
821-002793-A-0101,3.0,1,1,0.9490175291850474,1,0.830010128453536
312-000930-A-0221,3.0,1,1,0.9665295126168879,1,0.9816377057214591
711-000444-A-0031,5.0,0,1,0.7965801610834717,0,0.29149111305253805
612-000103-A-0081,3.0,1,0,0.2515865052429584,0,0.28641612183579207
723-017676-A-0151,4.0,1,1,0.9747028053901664,1,0.8423890833095232
551-007125-D-0041,5.0,1,1,0.8917733152301114,1,0.6164628859576717
323-010612-A-0251,6.0,1,1,0.7312368879556662,0,0.49970566230930613
214-004248-A-0531,6.0,1,1,0.9824762246222607,1,0.8844811075665024
312-000495-A-0131,4.0,1,1,0.913553231818861,1,0.9721019682935974
314-004682-A-0321,6.0,1,1,0.8721113812856096,1,0.7428905002001113
213-002797-A-0361,3.0,1,1,0.995955856361505,1,0.975712197253672
314-003597-A-0251,4.0,1,1,0.9969534534091652,1,0.9525544320034569
442-004400-A-0021,4.0,1,1,0.9031395049930886,1,0.6050257308800848
721-016991-A-0041,3.0,1,1,0.9095831935767978,0,0.4394742250550903
213-001972-A-0031,3.0,1,1,0.911656348110201,1,0.7159543109796058
221-018596-A-0011,7.0,1,1,0.9731367773157056,1,0.8990483643248767
943-000656-A-0031,2.0,1,1,0.8990863985080351,1,0.762954321307102
222-006863-A-0141,6.0,0,0,0.20095635174954432,0,0.3644391107595338
413-001503-A-0441,4.0,1,1,0.9781971046326934,1,0.8534502149397791
314-005842-A-0581,3.0,1,1,0.989521274323478,1,0.874235154274461
754-021999-D-0431,4.0,0,0,0.44716646483393835,0,0.3110945125362353
242-021130-A-0081,5.0,1,1,0.9274054104127494,1,0.6553370536349372
313-001687-A-0481,3.0,1,1,0.7966817205853723,1,0.5980319493331351
332-006851-A-0041,3.0,1,1,0.9532314864176762,1,0.7269750903352916
112-000760-A-0121,5.0,1,1,0.789339755712859,0,0.36785248854788277
543-006060-D-0081,4.0,1,1,0.7012643736081627,1,0.5230087958336774
951-000943-D-0201,4.0,1,1,0.6596810623234517,0,0.4018571493496114
713-008743-A-0241,6.0,1,1,0.8659118166156351,1,0.6395892361669485
252-024102-D-0011,6.0,1,1,0.9588377380171412,1,0.5845188875240469
412-001281-A-0101,2.0,1,1,0.913833777015533,1,0.8134747553647297
222-018992-A-0231,4.0,1,1,0.9608272087946356,1,0.7823301418768499
261-008021-A-0181,4.0,1,1,0.9487120898102834,1,0.7535245537092461
313-001823-A-0131,5.0,1,1,0.8862055375026769,1,0.5517701188755669
214-004958-A-0091,3.0,1,1,0.7956186989746624,0,0.25604406234955085
852-004146-D-0181,3.0,1,1,0.7794713272679149,0,0.3623801974079584
643-003384-A-0071,3.0,1,1,0.9482484707118306,1,0.8786496252301912
824-001767-A-0051,6.0,1,1,0.9921954409098583,1,0.9477239717481812
212-000254-A-0081,4.0,1,1,0.9568962885592418,1,0.8535284328404783
131-002736-A-0061,3.0,0,0,0.4513644736425609,0,0.1573221819738152
733-014580-A-0121,1.0,1,1,0.6798174252231042,0,0.24821730085372962
713-007157-A-0041,3.0,1,1,0.8648057926964151,1,0.9393425434309601
714-010086-A-0221,8.0,1,1,0.9605496882790256,1,0.7154208849478141
314-006592-A-0401,4.0,1,1,0.9699557685095266,1,0.9079741967572578
552-004707-A-0131,3.0,1,1,0.9892029496834062,1,0.8343166481683122
314-004583-A-0101,3.0,1,1,0.990711571189485,1,0.85433636471429
932-000550-A-0111,5.0,1,1,0.9756611795082851,1,0.8707477254958343
312-000874-A-0261,4.0,1,1,0.6917648577603842,1,0.6056010489745728
223-019142-A-0331,4.0,1,1,0.9707197718133677,1,0.9624961489831186
314-005403-A-0221,5.0,1,1,0.9863626311859377,1,0.8524102302429619
142-003742-D-0141,4.0,1,1,0.6971460661068272,1,0.6253660502118754
732-018914-A-0211,2.0,1,1,0.836989818004917,0,0.29893000022551414
341-014869-D-0181,2.0,1,0,0.3928896505723286,0,0.1201284642320057
323-012177-A-0041,7.0,1,1,0.9455104638226737,1,0.9836666268102943
441-007244-D-0121,5.0,1,1,0.9916331205719154,1,0.8821210884852098
212-000589-A-0031,8.0,1,1,0.8306789796712554,1,0.9776230014586277
324-012229-A-0021,3.0,1,1,0.9777615446680414,1,0.8397131031311915
252-029477-D-0141,2.0,1,1,0.9883583668544678,1,0.7146878344892951
723-012979-A-0041,4.0,0,1,0.7929855721922293,0,0.06821379504200549
312-000874-A-0401,7.0,1,1,0.9802453329183444,1,0.8478077555115562
723-016381-A-0381,5.0,1,1,0.7930721481713493,0,0.38725179853933955
722-012905-A-0031,2.0,1,1,0.8919659498994628,1,0.5161052539951921
711-000444-A-0181,3.0,1,1,0.8378593359700695,0,0.34272143329715793
111-000071-A-0231,3.0,1,1,0.9858697654026006,1,0.9337739953003028
324-008105-A-0111,4.0,1,1,0.957977275872225,1,0.7772042419494481
441-007244-D-0101,3.0,1,1,0.5963556687805565,0,0.3769145873959655
312-000930-A-0161,5.0,1,1,0.9802742613037757,1,0.9794765550484463
712-004290-A-0021,4.0,1,1,0.9440710083523624,1,0.9703239666000643
311-000019-A-0061,3.0,1,1,0.8925073209653044,1,0.6421360696479064
341-014869-D-0221,3.0,0,0,0.2157364796322085,0,0.1926519546536657
351-015674-D-0011,3.0,1,1,0.8932703824483816,1,0.7089284500825883
622-001950-A-0461,3.0,1,1,0.9481316929745738,1,0.6390508247178389
221-018571-A-0031,3.0,1,1,0.6594591054030108,1,0.6149576002672952
262-011760-A-0041,5.0,1,1,0.933167213077014,1,0.6937492683567479
744-023178-D-0271,4.0,1,1,0.8351543918909096,0,0.29535480402833075
751-023428-D-0191,2.0,1,0,0.40479023303676037,0,0.04760688139390304
432-004307-A-0081,3.0,1,1,0.9761277510767867,1,0.9050160467256884
262-009164-A-0051,4.0,1,1,0.9850863407025245,1,0.900662164749423
912-000135-A-0081,3.0,0,1,0.8047385356723423,1,0.5972630161277024
613-000753-A-0011,3.0,1,1,0.8271979913711198,1,0.6353222849013379
714-010893-A-0121,5.0,1,1,0.9571178334762901,1,0.7368932657687396
412-000947-A-0121,3.0,1,1,0.9476354669785206,1,0.9642910722496063
712-003902-A-1531,2.0,1,1,0.9533609935822693,0,0.4981135589508703
533-001749-A-0131,4.0,1,1,0.7548398735256677,0,0.4443403981382778
712-002529-A-0161,5.0,1,1,0.9280777695560346,1,0.9200295822249425
331-012380-A-0191,3.0,1,1,0.7631276080115487,1,0.5109395288245269
732-018914-A-0141,3.0,1,1,0.7620342965583142,0,0.26325366720087784
722-012613-A-0011,3.0,1,1,0.9711535803022474,1,0.8661371639001274
853-004162-D-0031,4.0,1,1,0.8222281746472414,0,0.44311663235328463
212-000795-A-0231,3.0,1,1,0.9847714153711832,1,0.8648851771019025
353-016863-D-0121,3.0,1,1,0.6520741185006826,0,0.4578043474822157
722-015711-A-0151,3.0,1,1,0.9668781524720776,1,0.7416249956591361
721-018021-A-0141,2.0,1,1,0.9711193754232759,1,0.653985986066204
721-014617-A-0071,2.0,1,1,0.8191622564437844,1,0.541328572965108
713-008611-A-0251,4.0,1,1,0.9546662693809354,1,0.6964586908690592
432-004307-A-0011,4.0,1,1,0.7216341929353814,0,0.2894542605429745
413-002391-A-0171,6.0,1,1,0.9634818658608807,1,0.8257084339506224
733-016092-A-0081,3.0,1,1,0.9322216039499792,1,0.7255262162216102
751-023647-D-0061,6.0,1,1,0.9354434913747364,1,0.6202547593849259
312-000495-A-0011,5.0,1,1,0.9693701933260522,1,0.8461635145250116
713-006222-A-0101,5.0,1,1,0.8977296564924175,1,0.8834963813207283
722-017133-A-0151,3.0,0,1,0.6880135674515371,0,0.2203239881515666
713-006370-A-0161,4.0,1,0,0.1871124173013919,0,0.22203436317823222
912-000257-A-0061,3.0,1,1,0.9420914952548025,1,0.6082002640215988
831-002594-A-0301,3.0,1,1,0.7924139766733811,0,0.41341211104308817
712-001695-A-0131,2.0,1,1,0.755400628753962,1,0.9291655920478789
713-008228-A-0171,3.0,1,1,0.6391998942159327,0,0.26324767481916445
322-009877-A-0431,6.0,1,1,0.8909541309931871,1,0.9799381143013887
223-019173-A-0031,4.0,1,1,0.9711706986250639,1,0.8188196418092643
832-003161-A-0641,7.0,1,1,0.7581996203685235,0,0.39739417195005927
212-000589-A-0031,2.0,1,1,0.6111831972021365,0,0.3164558804612862
751-023428-D-0261,4.0,1,1,0.805794051059429,0,0.2422979619947093
263-015943-A-0051,9.0,1,1,0.7781845354569766,1,0.9500101349054133
263-015928-A-0121,6.0,1,1,0.8096079054669488,1,0.9860546252024283
713-005200-A-0011,3.0,1,1,0.8930098066462273,0,0.4080883797103356
643-004170-D-0911,4.0,1,1,0.8572933642862639,1,0.5860039758741827
314-003597-A-0091,4.0,1,1,0.9284677973522097,1,0.9835662533160726
722-012770-A-0261,2.0,1,0,0.11840218309595552,0,0.2843800461795144
264-017349-A-0011,5.0,1,1,0.9708685081966159,1,0.9515349648650018
232-020392-A-0121,2.0,1,1,0.9098760759730974,1,0.7817766886549445
143-005192-D-0061,5.0,1,1,0.5804575261539102,0,0.2533492389620247
822-002375-A-0111,4.0,1,1,0.9850372908763272,1,0.8695901688903463
412-000786-A-0261,3.0,1,1,0.9698229697788249,1,0.6780832130254442
263-013717-A-0021,4.0,1,1,0.9146096157496121,1,0.6808014687361246
314-005842-A-0281,2.0,1,1,0.9932594203653262,1,0.8918584086117531
713-004579-A-0591,5.0,1,1,0.9163521312480966,0,0.4644704607643905
262-012293-A-0181,5.0,1,1,0.8625552193056734,1,0.9792027783869857
642-003569-A-0101,4.0,1,1,0.9717329805558059,1,0.8824548400351179
313-002352-A-0031,3.0,1,1,0.9706476500906615,1,0.8283446257902308
714-012067-A-0371,3.0,1,1,0.9373382035173461,1,0.624312201089551
712-002031-A-0431,2.0,1,1,0.7621610962692856,0,0.33735005809457363
314-005056-A-0131,4.0,1,1,0.9820306257042382,1,0.8365780504555917
213-002057-A-0231,4.0,1,1,0.7862343718555251,0,0.4539777155677364
552-008340-D-0091,4.0,1,1,0.9594998736358944,1,0.7156971664240476
261-007325-A-0221,5.0,1,1,0.7897377440693208,1,0.6046886899904977
441-007244-D-0181,4.0,1,1,0.5776493301740561,0,0.25637519141515785
221-020468-A-0261,5.0,1,1,0.9280364195701287,1,0.9660390802814368
941-000970-D-0051,4.0,1,0,0.4765887662607227,0,0.11015184984424647
444-005058-A-0091,9.0,1,1,0.9098681359973254,0,0.49231082957405997
152-005059-D-0241,6.0,1,1,0.8852199283230973,1,0.5628657000155185
351-016508-D-0081,4.0,1,1,0.65327485318098,0,0.4018699054846372
454-005133-A-0101,3.0,1,1,0.9824086185478759,1,0.802046907314858
213-001428-A-0021,2.0,1,1,0.9991365135293852,1,0.9353812295040534
843-003496-D-0151,3.0,1,1,0.8334125215394299,1,0.7888319031933255
343-015468-D-0111,4.0,1,1,0.9846014883711022,1,0.8744193278991786
713-005519-A-0091,4.0,1,1,0.9348966432881337,1,0.6578717276919711
413-002288-A-0011,4.0,1,1,0.9151692362954528,1,0.8391027826307698
544-004728-A-0151,3.0,1,1,0.7620708085540587,0,0.3764464564078184
711-001015-A-0111,4.0,1,1,0.9292803502735596,1,0.9334641200966055
322-012027-A-0041,4.0,1,1,0.9504674741898179,1,0.9683875640477192
823-002041-A-0111,4.0,1,1,0.9882320718786591,1,0.8900865290103964
223-019207-A-0101,5.0,1,1,0.97954605316021,1,0.777456607992451
722-012905-A-0211,5.0,1,1,0.9023636293778907,0,0.4259020447341855
821-001147-A-0161,4.0,1,1,0.991119885086855,1,0.8500941670979694
263-016275-A-0401,4.0,1,1,0.9716065814051495,1,0.8273517499260001
214-005380-A-0091,3.0,1,1,0.9755632258915009,1,0.6843726928925049
722-014146-A-0121,4.0,1,0,0.353794967561115,0,0.11067275946051633
822-001461-A-0081,5.0,1,0,0.43121510253681367,0,0.15047965411561312
823-001665-A-0191,2.0,1,1,0.9954796740442905,1,0.8505607079654663
613-000904-A-0121,2.0,1,1,0.9608198390819761,1,0.721450515007416
312-001156-A-0191,4.0,1,1,0.989201510801117,1,0.9357408603210104
213-001862-A-0191,4.0,1,1,0.9676711709653072,1,0.7250675452532686
713-005618-A-0191,5.0,1,1,0.9659725624224452,1,0.6572093402440627
311-000208-A-0151,2.0,1,1,0.9688914456678568,1,0.9433130131171908
263-015521-A-0171,6.0,1,1,0.9786510985338811,1,0.9179273742895834
133-002990-A-0081,3.0,1,1,0.6319971906717712,1,0.5435452860091365
221-018638-A-0101,3.0,1,1,0.950682472511383,1,0.7816666591497368
743-020524-A-0011,2.0,1,0,0.3953451323927057,0,0.08971596671634768
261-008563-A-0071,6.0,1,1,0.8440801260102788,1,0.7148205757697259
262-009780-A-0141,6.0,1,1,0.9888342692251816,1,0.941487181436051
523-003162-A-0041,6.0,1,1,0.9639309733443944,1,0.8064645729691784
262-012024-A-0271,3.0,1,1,0.9378462305586589,1,0.9348773781625285
951-000942-D-0061,8.0,1,1,0.9596395450190102,0,0.4636507312865761
823-002062-A-0081,4.0,1,1,0.9611579940551342,1,0.5474074901426956
252-029035-D-0011,4.0,1,1,0.5375596500511333,0,0.15469881366405192
713-007234-A-0311,3.0,1,1,0.9750889442460097,1,0.5231872647619709
214-005178-A-0431,4.0,1,1,0.9864732302943822,1,0.9192440038573592
743-020296-A-0091,3.0,1,1,0.8943576045774002,1,0.5058999955566691
114-002021-A-0011,3.0,1,1,0.8391025660587293,1,0.5920218640105193
213-003897-A-0211,4.0,1,1,0.9927459221361766,1,0.9045977510650648
261-007183-A-0101,3.0,1,1,0.6137667241819262,0,0.18528305922016508
852-003590-D-0181,3.0,1,0,0.46246906337127275,0,0.16938444874196512
912-000225-A-0051,3.0,1,1,0.9658810593103175,1,0.731026193164229
721-012495-A-0021,4.0,1,1,0.8676572263153673,1,0.6328275095987861
744-022007-D-0151,3.0,0,0,0.3186875581863864,0,0.09318758944712102
512-000390-A-0021,3.0,1,1,0.7175432740598097,0,0.3269026803078821
614-001491-A-0071,2.0,1,1,0.8880339629906631,0,0.48052908049963877
222-006863-A-0341,3.0,1,1,0.9210369071224042,1,0.9395823210932541
724-017891-A-0051,2.0,1,1,0.840990157680745,0,0.3250450774273538
114-002160-A-0211,3.0,1,1,0.7970694208723945,1,0.7181658175923435
113-000893-A-0171,4.0,1,1,0.9914985078209578,1,0.9382510808232006
552-006118-D-0151,3.0,1,0,0.33883330732814554,0,0.21131607122665017
823-001665-A-0171,4.0,1,1,0.9172163082316488,1,0.6999291995747249
713-007420-A-0331,4.0,1,1,0.8413914073154386,1,0.9511493520761025
262-011388-A-0051,3.0,1,1,0.91270965779695,1,0.8484041964588925
222-018896-A-0011,5.0,1,1,0.7204253231136344,1,0.9630402415355767
214-006432-A-0161,3.0,1,1,0.9033248633648181,1,0.7201798336543372
452-007168-D-0091,4.0,1,1,0.9580376470960152,1,0.9181143388744682
324-008629-A-0201,3.0,1,1,0.9900090981890666,1,0.7930304003225391
314-005842-A-0431,4.0,1,1,0.7558299138634538,1,0.550778196276087
444-005058-A-0101,4.0,1,1,0.9800599941466339,1,0.9667652931729188
131-002736-A-0081,5.0,1,1,0.8654536084625496,1,0.7345350781997697
444-004636-A-0011,5.0,1,1,0.7195131681801559,0,0.31726302452165345
823-002062-A-0251,5.0,1,1,0.9899754335615173,1,0.8294461907285274
222-018992-A-0071,4.0,1,1,0.9622090072347511,1,0.824196784342001
643-004170-D-0191,3.0,1,1,0.9186692069879793,1,0.8459792218743398
714-011920-A-0321,5.0,1,1,0.9814355051057152,1,0.7329970479245388
742-020200-A-0091,6.0,1,1,0.8248331189150206,1,0.9098119136496123
313-003072-A-0141,3.0,1,1,0.9204703326631142,1,0.7875238123260978
223-019118-A-0111,4.0,1,1,0.9848113471721801,1,0.8804581543810293
632-002789-A-0141,6.0,1,1,0.9794523503682954,1,0.8883001303657767
824-001767-A-0081,3.0,1,1,0.7761449528519319,1,0.9821847685478345
314-004998-A-0061,3.0,1,1,0.998753949714636,1,0.9623363676185408
223-019087-A-0011,6.0,1,1,0.9732883112208579,1,0.9494384172358776
544-003946-A-0041,3.0,1,1,0.9152761821820298,1,0.8104623450600208
212-000914-A-0101,2.0,1,0,0.3570007383665534,1,0.5953211412382684
422-003799-A-0141,3.0,1,1,0.768509110536761,1,0.977862692971931
532-002410-A-0131,4.0,1,1,0.985056280802736,1,0.9565077273693852
812-000242-A-0111,3.0,1,1,0.9830745677624437,1,0.8528306017684215
261-007325-A-0281,4.0,1,1,0.9318105078773539,1,0.9742853081585865
314-003929-A-0261,6.0,1,1,0.9687950359048096,1,0.930815182157332
711-000335-A-0011,2.0,1,1,0.7174210394951602,1,0.958793833323641
711-001015-A-0251,5.0,1,1,0.877492243418997,1,0.8682143480859916
523-003690-A-0141,2.0,1,1,0.8770902981454437,1,0.9620497373748138
351-017513-D-0321,4.0,1,1,0.5199908841050351,0,0.33206506127557744
512-000305-A-0161,4.0,1,1,0.8580553608017988,1,0.9868575430131352
713-007075-A-0021,3.0,1,1,0.5534908029758906,0,0.15601853595838333
711-000335-A-0021,3.0,0,1,0.6921175306954054,0,0.4109014102975626
551-006424-D-0081,3.0,1,1,0.5012298632112524,0,0.20429190689637625
252-029608-D-0031,3.0,1,1,0.9231492640647756,1,0.5798766938933146
213-002448-A-0181,3.0,1,1,0.9486897483273288,1,0.968629382900374
313-003171-A-0041,4.0,1,1,0.911780435318042,1,0.8641728772273723
262-012904-A-0011,3.0,1,1,0.9989095913463253,1,0.933131989052951
513-001030-A-0221,3.0,1,1,0.8828989587652067,1,0.5084107389584405
712-002126-A-0061,5.0,1,1,0.9470410810196161,1,0.7311396576660375
721-012495-A-0121,5.0,1,1,0.9324658092069976,1,0.6037600935712343
821-002777-A-0161,3.0,1,1,0.9665657175435033,1,0.8310475142403239
713-006222-A-0331,4.0,1,1,0.955213027364433,1,0.5136496446461024
514-001650-A-0491,5.0,1,1,0.970275857754854,1,0.9444552197822483
543-003994-A-0011,5.0,1,1,0.9684753213607347,1,0.8869882342259644
131-002736-A-0061,5.0,1,1,0.9042790179545025,1,0.6981418339797992
262-012586-A-0051,2.0,1,0,0.49432672156886354,0,0.25484331652619613
613-001069-A-0151,2.0,1,1,0.9685494287428262,1,0.7265305439991587
262-012904-A-0161,2.0,1,1,0.9777274873581714,1,0.9802281609058723
261-007698-A-0081,3.0,1,1,0.7219251174313548,1,0.5868325873762564
712-001253-A-0071,6.0,1,1,0.9340973230496312,1,0.5763586132089966
113-001085-A-0081,3.0,1,1,0.6901121481033835,1,0.5431961627481111
713-007420-A-0391,2.0,1,1,0.663274693559134,0,0.2945896210939552
142-003210-A-0081,3.0,1,1,0.7826000060648796,0,0.3597531582733186
213-002262-A-0041,4.0,1,1,0.9951084531670032,1,0.9490917629828178
521-001875-A-0111,6.0,1,1,0.9454467720507148,1,0.7201702146816544
713-006056-A-0081,4.0,1,1,0.916632597690472,1,0.8683412465481846
214-006432-A-0121,5.0,1,1,0.9066341323485145,1,0.6751885356005526
552-006874-D-0141,3.0,1,1,0.9721639148356463,1,0.8685897634563763
111-000005-A-0071,3.0,1,1,0.9366911836735897,1,0.8494859800808057
651-004228-D-0031,4.0,0,0,0.17118540190525566,0,0.049160041627470424
314-004100-A-0171,3.0,1,1,0.9363017003751245,1,0.8577008392346587
713-007420-A-0581,4.0,1,1,0.9741422968580874,1,0.9157194203659745
512-000390-A-0321,3.0,1,1,0.6170264255045362,0,0.4936206273117556
263-014332-A-0321,3.0,1,1,0.9777737306475115,1,0.9395381316817664
513-001030-A-0261,5.0,1,1,0.8477845700932911,1,0.5229350316610575
213-001309-A-0141,4.0,1,1,0.8531941248745127,1,0.9858580076491584
813-000480-A-0131,6.0,1,1,0.8469810657224908,1,0.6119552820421378
143-003901-D-0191,5.0,1,1,0.9761135457543996,1,0.7400931928176702
622-002370-A-0171,3.0,1,1,0.944802944582884,1,0.7604589959345928
712-001799-A-0231,3.0,1,1,0.9378961723486425,1,0.9278532962953605
731-018410-A-0181,3.0,1,1,0.9221067853520596,1,0.6529212182486914
712-003130-A-0281,3.0,1,1,0.9122338520369037,0,0.3677734313356524
714-011169-A-0071,5.0,1,1,0.7595837977980255,0,0.2799425543579054
314-005616-A-0361,4.0,1,1,0.9949032407012307,1,0.9431113445427444
713-008545-A-0321,3.0,1,1,0.8588476319925405,1,0.9661601167710154
524-002115-A-0091,5.0,1,1,0.9764543459024511,1,0.8874428691678403
423-004133-A-0031,3.0,1,1,0.8857253270364752,1,0.7344995822660781
222-018704-A-0061,4.0,1,1,0.8828700751949398,1,0.5563485486661651
551-005415-D-0121,1.0,0,0,0.22595253949610428,0,0.004719079362790002
614-001587-A-0171,3.0,1,1,0.9894477875992617,1,0.8519218988220397
712-003719-A-0291,5.0,1,1,0.9023240194152116,1,0.7650344697713853
324-007681-A-0051,4.0,1,1,0.9680316640364951,1,0.8424640267151096
214-004907-A-0591,5.0,1,1,0.9690154620608216,1,0.7823555523293029
423-004063-A-0041,4.0,1,1,0.9532296547009986,1,0.9548936753765255
112-000494-A-0191,4.0,1,1,0.9897188841562639,1,0.8960103593401454
242-028517-D-0111,4.0,1,1,0.9624658000464058,1,0.8664456132747868
552-006118-D-0021,7.0,1,1,0.532241191864763,1,0.636189849560204
214-005742-A-0171,4.0,1,1,0.9713947642294032,1,0.9806367516232681
822-001349-A-0081,5.0,1,1,0.9763537497262782,1,0.9252786820997501
743-020984-A-0091,2.0,1,1,0.9553308280733226,1,0.7453702411920651
951-001039-D-0041,4.0,0,1,0.797778243095988,1,0.579299560350023
911-000010-A-0021,5.0,1,1,0.9944843355070014,1,0.8812331194431164
312-000691-A-0081,7.0,1,1,0.9228740502247222,1,0.8081260005446508
262-010569-A-0141,3.0,1,1,0.9980910319081615,1,0.8983976529318406
744-022007-D-0261,3.0,0,0,0.2911514018300904,0,0.0826101971582941
823-001665-A-0031,6.0,0,0,0.47222422693415705,0,0.15442444644307646
544-004936-A-0021,2.0,1,1,0.9603932321085487,1,0.8668109754422529
423-004063-A-0171,3.0,1,1,0.7464416278325731,0,0.3373293392721309
251-029564-D-0011,8.0,1,1,0.9846530041479714,1,0.7999030968143815
313-003010-A-0271,4.0,1,1,0.9858797309507774,1,0.8112533067164298
241-028187-D-0011,3.0,0,0,0.14447951977719284,0,0.2812591616747738
262-011266-A-0041,3.0,1,1,0.7283674488304216,0,0.35006362533304436
413-001878-A-0371,3.0,1,1,0.873586083257236,1,0.512137895610735
243-027698-D-0451,3.0,1,1,0.9193279153423123,1,0.5814244976067587
744-023178-D-0801,2.0,1,0,0.44804584375754775,0,0.07431428350474668
263-013717-A-0091,6.0,1,1,0.963361627770524,1,0.8781952790305375
513-000724-A-0231,4.0,1,1,0.9887926330333454,1,0.8786876776849167
931-000577-A-0011,4.0,1,1,0.9930114090192368,1,0.9092564425505691
713-006537-A-0051,5.0,1,1,0.9314319968318129,1,0.8903981177094393
713-008321-A-0341,4.0,1,1,0.9525097271920284,1,0.7897500227581069
314-006324-A-0011,4.0,1,1,0.972722511222042,1,0.8871979165992182
744-019953-A-0051,3.0,1,1,0.924108374026379,1,0.806594835612705
823-002443-A-0111,3.0,1,1,0.7364166036179777,1,0.6194542330380423
222-018944-A-0071,4.0,1,1,0.9223507962411547,1,0.9542062018775311
454-005133-A-0211,4.0,1,1,0.986608895919665,1,0.7905248317891514
313-002228-A-0091,4.0,1,1,0.6562355866166881,0,0.46063447795419665
214-005789-A-0161,2.0,1,1,0.63364178040127,0,0.44292577199957917
213-002210-A-0181,4.0,1,1,0.9844113494939071,1,0.9706977926092688
712-003719-A-0331,6.0,1,1,0.8313092586869006,1,0.9281859933843052
723-014755-A-0191,3.0,1,1,0.828615277203095,1,0.9445505507755743
911-000043-A-0161,2.0,1,1,0.9988773502033892,1,0.8976701245962393
613-000753-A-0041,4.0,1,1,0.9873192085049942,1,0.9708650684277916
112-000633-A-0081,5.0,1,1,0.9658287527994923,1,0.933508131502508
263-016477-A-0091,5.0,1,1,0.9328635931837287,1,0.9526222344761939
111-000005-A-0071,4.0,1,1,0.9469280076113746,1,0.889040680173099
261-007894-A-0231,6.0,1,1,0.8915299539092079,1,0.7829009550156361
351-016508-D-0081,3.0,1,1,0.5952016014961916,0,0.2139281305066093
212-000728-A-0101,3.0,1,1,0.9847372943991544,1,0.799792029651616
214-006351-A-0051,5.0,1,1,0.992893637179893,1,0.9424689654882038
712-003617-A-0291,4.0,1,1,0.9539636339788136,1,0.877080182407266
323-010612-A-0061,5.0,1,1,0.9969500270999802,1,0.9916750842522485
612-000313-A-0101,5.0,1,1,0.9290903047272869,1,0.942718198378675
262-010569-A-0011,3.0,1,1,0.8885703855468542,1,0.5609499194809011
732-019017-A-0201,3.0,1,1,0.8688707639033029,1,0.6758628791273439
344-014453-D-0291,4.0,1,1,0.9821877169109353,1,0.7333828971572746
711-000335-A-0061,3.0,0,0,0.11354403254633916,0,0.18971002546105295
713-005317-A-0121,4.0,1,1,0.9613700674929888,1,0.604633914584531
714-011615-A-0141,7.0,1,1,0.9778914981203477,1,0.6752142674125323
351-014974-D-0111,5.0,1,1,0.9625192371673622,1,0.8950612325946034
142-003547-A-0081,4.0,1,1,0.9768656046267727,1,0.7929433740498072
912-000144-A-0101,5.0,1,1,0.9815792117276082,1,0.931037085160243
142-003547-A-0111,4.0,1,1,0.9901630912338932,1,0.9004006080135438
553-007544-D-0031,4.0,1,1,0.855514552354299,0,0.48582792811034997
551-006424-D-0021,4.0,1,0,0.35537607022155054,0,0.08423504148710906
733-016046-A-0111,3.0,1,1,0.5908739164614039,0,0.2855368407531176
263-014332-A-0181,3.0,1,1,0.9640871383072174,1,0.7780695640713557
652-004259-D-0021,3.0,1,1,0.967799830103286,1,0.9276945621389113
712-002702-A-0261,3.0,1,1,0.6743536066354869,0,0.33064691826314085
723-017676-A-0061,3.0,1,1,0.9750084004513019,1,0.8550532970106849
413-001714-A-0251,3.0,1,1,0.8315326990155422,0,0.4861920752267378
223-019239-A-0021,3.0,1,1,0.9707011693009174,1,0.7582254334741576
953-001042-D-0141,6.0,1,1,0.8670839391968065,1,0.7268047246039141
333-012354-A-0041,3.0,1,1,0.9957806754654431,1,0.8396248162676935
721-013299-A-0071,3.0,1,1,0.9650149382228731,1,0.7738387030751567
943-000628-A-0041,6.0,1,1,0.6628400485466215,0,0.388947696903929
412-001220-A-0221,2.0,1,1,0.9429257458172888,1,0.9102796416234322
642-003569-A-0051,4.0,1,1,0.9002080072549317,1,0.9293766601498764
314-006518-A-0051,2.0,1,1,0.9894073079968884,1,0.9360790191318774
314-004998-A-0081,2.0,1,1,0.9758953337754754,1,0.8557969354152929
713-006056-A-0011,3.0,1,1,0.7506196051927619,0,0.4004712489118904
321-009644-A-0111,4.0,1,1,0.8688767560083415,0,0.47979631814412016
812-000165-A-0241,3.0,1,1,0.9235219471969871,1,0.6706850633310941
264-017625-A-0251,5.0,1,1,0.9836361362262932,1,0.9307772702882186
152-004020-D-0181,4.0,1,1,0.9853744056704259,1,0.9486314701566317
713-004692-A-0181,4.0,1,0,0.08592979455793902,0,0.2626258675198055
314-004998-A-0031,4.0,1,1,0.9992774403827267,1,0.9742544772638606
523-002742-A-0011,3.0,1,1,0.7423004528941999,0,0.4481454803001845
213-001428-A-0051,4.0,1,1,0.9977154296641568,1,0.912926215798032
732-019017-A-0111,3.0,0,0,0.2934804747913959,0,0.15273515216117564
712-003818-A-0021,3.0,1,1,0.7059517032688714,1,0.5174943011431095
721-013299-A-0101,3.0,1,1,0.6146769669594733,0,0.22890167189462196
713-005885-A-0081,3.0,1,1,0.8977445916349657,1,0.5263814319991337
713-008743-A-0241,3.0,1,0,0.2192561925637305,0,0.10020268242916207
222-006863-A-0141,3.0,1,1,0.9871336260248488,1,0.8551277899560218
243-021468-A-0301,4.0,1,1,0.9639413198852319,1,0.7337632636252545
223-019207-A-0191,5.0,1,1,0.9204305320293558,1,0.9192241579114437
322-009687-A-0011,4.0,1,1,0.9769455289964684,1,0.840852109021044
712-003902-A-1261,4.0,1,1,0.8342467898134271,1,0.9415461315182085
852-003590-D-0161,7.0,1,1,0.924606356043133,1,0.7343341389415463
622-001897-A-0011,4.0,1,1,0.9606990218704045,1,0.9125984482171517
742-023019-D-0311,3.0,1,1,0.9345488349124105,1,0.6651130626215488
314-006324-A-0181,3.0,1,1,0.9965840290947888,1,0.9241366608317277
262-011135-A-0271,4.0,1,1,0.733381573679046,0,0.2844320229835919
613-000582-A-0061,2.0,1,1,0.8136105499331961,1,0.5365011387791369
253-028149-D-0321,3.0,1,1,0.7328473063127504,0,0.3678007738010365
643-003384-A-0011,4.0,1,1,0.7735712968672007,1,0.7996468767171883
832-002551-A-0121,4.0,1,1,0.9793546637567717,1,0.9514691738866801
713-006453-A-0041,3.0,1,1,0.8048761546205292,1,0.9327503091115369
712-001799-A-0251,5.0,1,1,0.947854393929668,1,0.7572466920372287
313-001432-A-0081,4.0,1,1,0.7940541244839938,1,0.5569544617872106
622-001950-A-0091,3.0,1,1,0.8481837212587386,1,0.5721069766564417
914-000451-A-0121,4.0,1,1,0.9601352790552637,1,0.8016078647582963
314-005282-A-0121,3.0,1,1,0.8608280337150842,1,0.5796052967481001
114-001639-A-0251,2.0,1,1,0.936483063469642,1,0.7461960028756837
712-001371-A-0141,3.0,1,1,0.917829211420112,1,0.9158595918755085
912-000160-A-0041,3.0,1,1,0.9887361364751907,1,0.9671809314584601
711-000657-A-0041,6.0,1,1,0.9057138702237273,1,0.6633124838423189
713-005713-A-0191,4.0,1,1,0.9324183930581472,1,0.7682012947707711
822-001854-A-0101,3.0,1,1,0.9858833827865925,1,0.7917301860576339
212-000254-A-0061,5.0,1,1,0.9886515264895411,1,0.8589209562047723
222-018992-A-0051,5.0,1,1,0.9269075457632602,0,0.46035850926667815
842-003349-A-0061,4.0,1,1,0.6692053181990801,0,0.3258080273150866
613-000645-A-0021,3.0,1,1,0.9604819210661422,1,0.6334279779947103
442-007200-D-0151,5.0,1,1,0.6768251316494588,0,0.23743256893901946
831-002594-A-0421,3.0,1,1,0.7271648897191468,0,0.2821656441534006
263-015928-A-0401,4.0,1,1,0.9524088782589641,1,0.7393911853169962
712-002702-A-0091,2.0,1,1,0.9715424216222472,1,0.6467439670965358
314-005282-A-0061,2.0,1,1,0.9938023052216071,1,0.8786440585281767
713-005713-A-0011,3.0,1,1,0.977509091395328,1,0.8379044445825451
732-014831-A-0031,3.0,1,1,0.7764439424726949,0,0.2660077973002479
412-000440-A-0111,4.0,1,1,0.9659045940077743,1,0.9803656605472877
312-000504-A-0151,4.0,1,1,0.8214978412076342,1,0.6959442939910323
721-014617-A-0191,4.0,1,1,0.5710255567364123,0,0.17830787371415113
243-027698-D-0291,5.0,1,1,0.7822905579089207,0,0.4041123552305575
723-017676-A-0011,5.0,1,1,0.7658514186559277,1,0.9130542812244766
823-002443-A-0061,5.0,1,1,0.9580555832706433,1,0.8102486024346003
613-000904-A-0231,3.0,1,1,0.9185524483228004,1,0.6128472025245242
313-001366-A-0221,3.0,1,1,0.6236727409183389,1,0.5144288294596226
333-006799-A-0111,2.0,1,1,0.6882381295369083,0,0.29957607638267053
263-014704-A-0161,5.0,1,1,0.9642247478055473,1,0.7683987089412546
114-001762-A-0081,3.0,1,1,0.8841645335331024,1,0.646010192016266
343-015866-D-0261,4.0,1,1,0.9767148563097002,1,0.9429485800841417
314-003437-A-0191,4.0,1,1,0.9013015917098117,1,0.6326243365370903
852-004057-D-0141,5.0,1,1,0.9635006069308224,1,0.7353146874261064
514-001197-A-0331,3.0,1,1,0.7807696219764658,1,0.9742940005133426
723-013190-A-0141,4.0,1,1,0.9659140374594833,1,0.5870969026095202
314-006592-A-0011,3.0,1,1,0.923899071884778,1,0.7646576025802596
742-020200-A-0011,5.0,1,1,0.9325385224678924,0,0.37458088180603283
742-023019-D-0241,3.0,1,1,0.9122184568531941,1,0.6646149445156523
113-001085-A-0011,5.0,1,1,0.9715673768562983,1,0.9110419835080541
412-000947-A-0041,2.0,1,1,0.9041561348115448,1,0.9360315968805997
214-006432-A-0141,2.0,1,1,0.9829778331504584,1,0.8287751963082949
213-002964-A-0111,3.0,1,1,0.9091941812550765,1,0.720083156195704
514-001197-A-0461,3.0,1,1,0.7875173513296031,0,0.49264095517788953
713-004832-A-0021,4.0,1,1,0.96054742851982,1,0.873985331548693
313-001687-A-0351,3.0,1,1,0.8326926110345932,1,0.5561384122160669
643-003384-A-0101,4.0,1,1,0.8657989071928516,1,0.8791926569420774
712-003617-A-0191,4.0,1,1,0.989603068329482,1,0.8528039158745471
442-004400-A-0061,3.0,1,1,0.7151635906561186,0,0.42179751254126385
712-002529-A-0161,3.0,1,1,0.855123909325035,1,0.5091473938175956
263-016477-A-0371,4.0,1,1,0.8935537546019116,1,0.6493743960533683
343-015468-D-0381,4.0,1,1,0.9767062765722523,1,0.9732899056234536
614-001491-A-0311,3.0,1,1,0.8707168451733961,1,0.5624241200904017
621-002192-A-0101,5.0,1,1,0.7869966837156526,1,0.9282464875960057
852-003665-D-0031,4.0,1,1,0.9713671662588758,1,0.871344570332384
411-000372-A-0311,3.0,1,1,0.9801049893190852,1,0.8683411806373297
263-017023-A-0021,6.0,1,1,0.834700727015672,1,0.669194018637074
712-003316-A-0241,4.0,1,1,0.6014164974907837,0,0.1941005028505162
152-004943-D-0151,4.0,1,1,0.8477151669484039,1,0.714143279595561
232-019531-A-0121,3.0,1,1,0.9722980639057143,1,0.9314505270960867
953-000916-D-0081,3.0,1,1,0.9688154499941084,1,0.8726387110242327
712-002437-A-0141,3.0,1,1,0.9758241180911398,1,0.7267006597034398
212-000589-A-0031,7.0,1,1,0.99162355536222,1,0.8451877472959011
714-009039-A-0031,4.0,1,1,0.7842775630558196,0,0.33058882684897767
823-002062-A-0081,3.0,1,1,0.9659072954707354,1,0.6405862376785468
213-003047-A-0141,3.0,1,1,0.9295026107052083,1,0.5331945553457306
262-009000-A-0011,5.0,1,1,0.7291624947812887,1,0.6339967775154545
351-015465-D-0151,5.0,1,1,0.9267585534280386,1,0.9007379716639874
711-000444-A-0041,3.0,1,1,0.9025202528485003,0,0.4114522842749011
454-005133-A-0081,4.0,1,1,0.9366667789060993,1,0.6185245984567236
432-004307-A-0111,2.0,1,1,0.9614387782233113,1,0.8954088993408637
133-002537-A-0141,3.0,1,1,0.6509156429227366,1,0.5422418351823561
512-000496-A-0181,7.0,1,1,0.9854846880036502,1,0.9740104994914025
714-010805-A-0561,4.0,1,1,0.958980391438379,1,0.6961893833110482
514-001418-A-0071,3.0,1,1,0.7165629322295116,0,0.3782976138067912
214-005178-A-0111,4.0,1,1,0.6206416537045459,1,0.982243703553908
152-003880-D-0031,3.0,1,1,0.5711885710011066,0,0.32994870715016067
713-004579-A-0461,3.0,1,1,0.9708486931799649,1,0.8581655247369304
821-001147-A-0111,5.0,1,1,0.955841508574073,1,0.803374785405466
213-001695-A-0251,6.0,1,1,0.8723279822019419,1,0.7585996547501324
133-002537-A-0141,4.0,1,1,0.6770448766582863,1,0.6242855365540041
551-006787-D-0091,3.0,1,1,0.6516741141822789,1,0.8186609070317661
213-003808-A-0161,4.0,1,1,0.9844984420008939,1,0.7723836132027182
262-011388-A-0071,4.0,1,1,0.9955663161508101,1,0.9408061038461065
142-003547-A-0311,5.0,1,1,0.5275982027662969,0,0.49480367781124
814-000658-A-0031,3.0,1,1,0.5574469136187542,0,0.2141529706818372
722-014146-A-0121,5.0,1,1,0.8785585178209597,1,0.6756757822968661
714-011725-A-0141,4.0,1,1,0.8853902435055645,1,0.5750147129807847
432-004307-A-0011,8.0,1,1,0.95889440085056,1,0.8651247561100764
711-000554-A-0121,4.0,1,1,0.7051827943461654,0,0.17473106098129232
853-004162-D-0031,3.0,1,0,0.35814215069734273,0,0.09355646156360094
644-004306-D-0101,3.0,1,1,0.8334251994187422,1,0.9104071228118972
324-009139-A-0391,3.0,1,1,0.984228665781464,1,0.9690502402545168
413-002288-A-0091,3.0,1,1,0.9626581037773375,1,0.8061503043628685
263-014842-A-0161,4.0,1,0,0.2841899033493506,1,0.5738284611152095
722-015711-A-0011,3.0,1,1,0.9756726651347833,1,0.7813325482811965
412-000947-A-0081,5.0,1,1,0.8437545813453189,1,0.7323487889832457
321-009644-A-0041,2.0,1,1,0.9932784076097373,1,0.9715282221857562
314-005340-A-0081,5.0,1,1,0.9988476516340188,1,0.9604134900041786
614-001747-A-0111,5.0,1,0,0.09670509281407638,0,0.4680861190162641
222-018746-A-0021,3.0,1,1,0.9918534462902606,1,0.9370393621981729
713-008132-A-0011,4.0,1,1,0.8910221506868405,1,0.9094975069861643
252-029035-D-0051,2.0,1,1,0.8735736207361995,0,0.47946753202226383
621-002192-A-0191,2.0,1,1,0.8980465029349087,1,0.6769400491621503
831-002594-A-0341,3.0,1,1,0.7254421807680251,0,0.4187736014580367
112-000822-A-0151,4.0,1,1,0.9882985641005575,1,0.9828166442512848
732-015084-A-0241,2.0,1,1,0.8325201198001374,1,0.508073043242181
714-010893-A-0101,2.0,1,1,0.9690910281569124,1,0.6061466889856393
831-002594-A-0341,4.0,1,1,0.8533689203785297,1,0.6762766510558913
611-000006-A-0101,4.0,1,1,0.734203096717707,1,0.545782428698012
411-000185-A-0071,4.0,1,1,0.9760205885726054,1,0.8995285243224881
613-000904-A-0091,3.0,1,1,0.7018936955225349,0,0.4330333400878178
712-002702-A-0261,5.0,1,1,0.884709724521894,1,0.7284506643477627
852-003590-D-0091,4.0,1,1,0.5420351676002259,0,0.23281542890123522
243-027698-D-0171,3.0,1,1,0.5368284205138025,0,0.22115589022339796
714-011615-A-0141,4.0,1,1,0.9698359308567641,1,0.853094800970635
542-005018-A-0021,3.0,1,1,1.0,1,0.880891984578791
712-002031-A-0301,3.0,1,1,0.942590267517899,0,0.3274988097140366
912-000160-A-0051,2.0,1,0,0.4931700639486828,0,0.4333077564413707
644-004156-D-0311,5.0,1,1,0.9202743566348317,1,0.9494887666442481
152-005059-D-0071,4.0,1,1,0.8547713074819216,0,0.4456171725165604
442-007200-D-0091,1.0,1,1,0.5220702637048895,0,0.13617383924656776
642-003701-D-0091,3.0,1,1,0.5748856986882597,0,0.43301801235464704
613-000753-A-0141,3.0,1,1,0.9688429551128651,1,0.8334146223438816
821-001109-A-0051,3.0,1,1,0.9536994453151008,1,0.7296673264783681
723-015398-A-0071,5.0,1,1,0.6481517454720783,0,0.22082329185238792
151-003996-D-0251,3.0,1,1,0.766966835223121,1,0.5258537476554578
261-007468-A-0041,5.0,1,1,0.9512559497877839,1,0.9379504297297371
744-022007-D-0451,10.0,1,1,0.8932684985696062,1,0.725969511737169
251-027184-D-0111,6.0,1,1,0.9829489957099713,1,0.8213223586856595
261-008150-A-0201,4.0,1,1,0.8780014626904413,0,0.4654675809956307
263-015113-A-0121,3.0,1,1,0.9549943717338829,1,0.7196555023530326
912-000257-A-0101,3.0,1,1,0.9941224183144202,1,0.9360767623183069
712-002437-A-0201,3.0,1,1,0.8724224048546618,1,0.9437009380611171
713-006619-A-0051,3.0,1,1,0.9153847167452043,1,0.5276610202668216
722-012849-A-0091,3.0,1,1,0.9119375234778022,1,0.6036831353549803
714-009269-A-0011,3.0,1,1,0.9650260852059841,1,0.6361978476113819
542-007314-D-0081,3.0,1,1,0.5031665565311796,0,0.2916641555208534
111-000200-A-0231,4.0,1,1,0.8121599505021814,1,0.9882180525424417
521-001875-A-0031,3.0,1,1,0.6896449885909377,1,0.5380810580381155
712-003818-A-0191,6.0,1,1,0.9640576300007363,1,0.8549855017544893
943-000628-A-0041,4.0,0,0,0.20259644188143125,0,0.011184041751514716
412-000536-A-0051,6.0,1,1,0.9598486736085846,1,0.7124380704991113
222-006897-A-0111,3.0,1,1,0.617116347081015,0,0.4734713229296021
453-006231-D-0071,6.0,0,1,0.8168089497044626,1,0.5305390102651134
314-004171-A-0071,4.0,1,1,0.998753949714636,1,0.9543683324276028
723-019428-A-0051,3.0,1,1,0.9555945512732187,1,0.9135336893699187
511-000003-A-0351,8.0,1,1,0.9283141413890696,1,0.7819277546043122
214-005599-A-0131,4.0,1,1,0.9926241791367438,1,0.9288875750833072
711-000554-A-0071,2.0,0,0,0.3712972677435333,0,0.05269827370333573
721-013718-A-0131,4.0,1,1,0.8861563357765615,1,0.5224748099999481
914-000539-A-0171,4.0,1,1,0.9640254902291704,1,0.961155839260541
714-010711-A-0051,3.0,1,1,0.792637756622218,0,0.2537953569085709
712-002529-A-0261,4.0,1,0,0.4188992282311168,0,0.14276090004347877
652-004471-D-0121,4.0,1,0,0.3636217751766429,0,0.22292510444193325
622-001897-A-0321,3.0,1,1,0.9351052430309262,1,0.7263901968207781
263-013526-A-0361,5.0,1,1,0.8930778804430416,1,0.9753547789825008
344-016866-D-0771,2.0,1,1,0.819121502533143,1,0.6937053416307142
253-029475-D-0041,4.0,1,1,0.9188916403273769,1,0.6561498046666963
112-000564-A-0101,2.0,1,1,0.9620285548869429,1,0.8435619869807341
553-004914-A-0091,3.0,1,1,0.7197955450467757,0,0.43243341191933804
711-000003-A-0181,3.0,1,1,0.9209493456327593,1,0.9255197679347763
911-000020-A-0061,4.0,1,1,0.8570802354246502,1,0.7775379207227437
152-005059-D-0241,5.0,1,0,0.43507321421327655,0,0.39269190288911154
253-029475-D-0071,5.0,1,1,0.937108865775872,1,0.578627793331442
912-000180-A-0121,5.0,1,1,0.9988877123382701,1,0.9292901147178813
324-009139-A-0121,4.0,1,1,0.9935313029098854,1,0.8863277395971749
524-002115-A-0011,3.0,1,1,0.8281996327055599,1,0.9508208176738686
413-002605-A-0031,3.0,1,1,0.8684452971210838,1,0.6030936133472926
311-000252-A-0071,4.0,1,1,0.7931810390083327,0,0.4963141276418894
713-005418-A-0251,4.0,1,1,0.9020720828027708,1,0.5316954484103837
722-014689-A-0671,3.0,1,1,0.915023769484683,1,0.6730744186679362
514-001650-A-0201,3.0,1,0,0.3009428880125101,1,0.5972072415954021
323-010124-A-0111,3.0,1,1,0.8397422543201698,1,0.6103239633814094
344-013086-A-0031,4.0,1,1,0.6493919785279281,0,0.32965722978070877
543-006393-D-0191,3.0,1,1,0.9605443641783379,1,0.8759462473514309
313-001687-A-0551,4.0,1,1,0.9825923509150443,1,0.975930725849794
824-001767-A-0131,2.0,1,1,0.9971090441621296,1,0.8825158046156847
911-000043-A-0011,5.0,1,0,0.278601055879405,0,0.11428583448396727
623-002558-A-0191,3.0,1,1,0.9790976786554249,1,0.8930824910961108
953-000688-D-0071,5.0,1,1,0.5528052306995276,0,0.3951608273419188
712-003617-A-0121,4.0,1,1,0.8591460131391405,0,0.4782175171315276
214-005462-A-0631,5.0,1,1,0.9635916656807867,1,0.850074331360729
713-006985-A-0091,5.0,1,1,0.911064562432087,1,0.868169821467514
614-001801-A-0271,2.0,1,1,0.9815244186354116,1,0.8133083235675957
943-000638-A-0111,2.0,1,1,0.7623674668984286,0,0.28014188836273457
262-011636-A-0121,4.0,1,1,0.9117417360483341,1,0.5633066950835094
244-023633-A-0101,4.0,1,1,0.6151341461981276,0,0.18069037259444698
213-002626-A-0371,3.0,1,1,0.9895634728166757,1,0.9640256670292373
213-003047-A-0191,4.0,1,1,0.9379198892838637,1,0.6459903452920752
214-005596-A-0061,4.0,1,1,0.9621369523923565,1,0.6451786239701589
722-016241-A-0211,2.0,1,1,0.7641945628992162,1,0.9711671111482094
823-002443-A-0091,4.0,1,1,0.9182306589118941,1,0.80449703022234
241-028286-D-0021,3.0,1,0,0.46669995969598516,0,0.07010308790895722
334-006737-A-0221,3.0,1,1,0.9825074905063358,1,0.8221552973888652
422-003799-A-0041,2.0,1,1,0.9288066622974814,1,0.9089914693127104
712-003316-A-0171,5.0,1,1,0.8828931453154901,1,0.880545891973504
262-012293-A-0061,3.0,1,1,0.8656094173831513,0,0.4894442638461033
744-022007-D-0221,5.0,1,1,0.8326605193424359,1,0.5316928029741022
721-013867-A-0041,4.0,1,1,0.9251013834282027,1,0.9038204787572676
941-000909-D-0301,4.0,1,1,0.580194630720529,0,0.3783343434938621
812-000322-A-0011,5.0,1,1,0.9817706221993023,1,0.9054476240598405
732-015084-A-0121,4.0,1,1,0.7756388951229986,1,0.923078021160045
412-000440-A-0101,6.0,1,1,0.9607492189181713,1,0.9117460735595314
314-005282-A-0151,5.0,1,1,0.9654639236143377,1,0.9349018191200271
622-002370-A-0101,6.0,1,1,0.9594990729889338,1,0.882547722804545
261-008291-A-0261,2.0,1,1,0.754029501585733,0,0.3864081852809298
852-004057-D-0011,3.0,1,0,0.4228657087215131,0,0.08653331797403985
314-005713-A-0701,3.0,1,1,0.9954678401732466,1,0.9403428624823349
523-003597-A-0021,3.0,1,0,0.15371663782122974,0,0.237352028835489
712-002940-A-0251,3.0,1,1,0.6957961615654265,0,0.1646849992478199
243-026331-D-0121,3.0,1,1,0.6107245947787971,0,0.368741708795909
712-001476-A-0241,4.0,1,1,0.9243188808400536,0,0.3705603524513072
751-021678-D-0041,2.0,1,1,0.8447270539120953,0,0.42852625132612987
223-019292-A-0341,4.0,1,1,0.9120845961384187,1,0.8569897376247725
814-000658-A-0021,2.0,1,1,0.790355234699786,1,0.9357897083917858
314-004998-A-0031,3.0,1,1,0.9992774403827267,1,0.9505743629324882
152-004464-D-0061,2.0,1,1,0.9538720351202605,1,0.6222228037457571
712-001586-A-0051,5.0,1,1,0.9083139495406094,1,0.9218263902041106
713-007075-A-0101,3.0,1,1,0.8508516483693732,0,0.3835597503214793
452-006085-D-0231,3.0,1,1,0.877664636771485,1,0.9385170611124845
344-014453-D-0141,3.0,1,1,0.6893368795339379,1,0.5563422307836753
911-000010-A-0121,3.0,1,1,0.8055451462731456,0,0.38261862179153106
264-017625-A-0041,4.0,1,1,0.9537505446741154,1,0.8937465432254201
114-002386-A-0051,2.0,1,1,0.9952709736608896,1,0.9153522426390573
242-024601-D-0291,3.0,1,1,0.6742992532337454,0,0.33552821010001666
712-003415-A-0091,4.0,1,1,0.8722283104855635,1,0.8998657373984076
912-000196-A-0051,3.0,1,1,0.9562613186031531,1,0.9365399039847214
111-000200-A-0321,3.0,1,1,0.6294597886354798,1,0.9131045598024342
263-016881-A-0151,4.0,1,1,0.9984226227287845,1,0.9616887555984486
154-003762-D-0061,4.0,1,1,0.7795965071513247,1,0.6747584713340947
913-000366-A-0011,5.0,1,1,0.9701783987533148,1,0.7398146025570866
712-003316-A-0171,3.0,1,1,0.834651370207976,0,0.25959853545467326
612-000103-A-0051,3.0,1,1,0.9638200896459966,1,0.9654010740380677
263-016857-A-0061,4.0,1,1,0.841854370243552,1,0.985395116321978
411-000185-A-0111,3.0,1,1,0.8036158354187115,1,0.7477328855904452
212-000254-A-0081,5.0,1,1,0.8735754807907148,1,0.9678692451133508
344-013119-A-0151,4.0,1,1,0.9759092127155261,1,0.9216554437011977
151-004332-D-0171,5.0,1,1,0.9311873291337526,1,0.7827361929956711
713-007334-A-0191,5.0,1,1,0.9770989198445511,1,0.7080677299652687
714-010086-A-0221,7.0,1,1,0.8885462097741246,0,0.37043028556648133
212-000914-A-0241,3.0,1,1,0.9871740962866302,1,0.9633157279768491
262-011636-A-0061,6.0,1,1,0.9753757305855142,1,0.9375446254817629
812-000322-A-0051,2.0,1,1,0.8327257666546413,1,0.6314076398629289
622-002234-A-0121,3.0,1,1,0.8838808949548497,1,0.5977824370941353
314-004829-A-0111,2.0,1,1,0.9652356333677534,1,0.8833367986555773
544-005058-A-0021,6.0,1,1,0.8788881612278692,1,0.9341702568829408
133-002990-A-0081,4.0,1,1,0.8917860575986659,1,0.8305528574411042
722-017133-A-0201,4.0,1,1,0.97364606435423,1,0.7552829885031903
263-014332-A-0181,4.0,1,1,0.9817899165934075,1,0.8733895492034013
544-004706-A-0121,3.0,1,1,0.9357036758593443,1,0.9034989217576259
151-004332-D-0171,3.0,0,1,0.5507021367202429,0,0.4943389747480511
612-000103-A-0081,5.0,1,1,0.8720779094404573,1,0.9175807375188323
821-000995-A-0061,3.0,1,1,0.7656583513859431,0,0.4783403278634976
213-002345-A-0061,2.0,1,1,0.9703098273485751,1,0.9494183513307176
344-013086-A-0241,4.0,1,1,0.8937666993526153,1,0.7314535765117762
111-000135-A-0061,2.0,1,1,0.9562273208983811,1,0.8301204297432003
223-019118-A-0271,4.0,0,0,0.21813835177538024,0,0.29581961599441126
314-004042-A-0061,3.0,1,1,0.9676059763356462,1,0.819204405368393
953-001042-D-0131,4.0,0,1,0.8839028756564808,1,0.7542217710338205
721-014617-A-0191,5.0,1,1,0.8234314995492914,0,0.4688095755880089
744-022007-D-0221,3.0,0,0,0.29509360597906537,0,0.012864315313075244
251-027184-D-0111,5.0,1,1,0.9911939108435402,1,0.8301414462632395
722-012694-A-0431,3.0,1,1,0.7018426546057902,0,0.36879533780218726
712-003415-A-0231,3.0,1,1,0.9557483413924376,1,0.9176069290573301
314-006449-A-0261,3.0,1,1,0.9299442883118362,1,0.9908889051279526
544-003946-A-0081,4.0,1,1,0.9171847792521584,1,0.9576049736978717
712-003719-A-0331,4.0,1,1,0.9142319585676297,1,0.63197650012311
953-000688-D-0011,4.0,1,1,0.6974664144716619,0,0.3458197034632715
951-000942-D-0031,6.0,1,1,0.9587681742867098,1,0.7771220987368727
351-015606-D-0061,5.0,1,1,0.9758319419571696,1,0.7830157824323752
214-005596-A-0101,3.0,1,1,0.9662172953524801,1,0.7847326332691461
441-007244-D-0151,5.0,1,1,0.8823998830381131,1,0.7319097642738793
721-014617-A-0211,3.0,1,1,0.8485129448841384,0,0.4358694321339558
713-004962-A-0101,3.0,1,1,0.9405193567145559,1,0.6458366463227282
261-007038-A-0221,4.0,1,1,0.9342638268468679,1,0.9705656197101389
512-000390-A-0271,8.0,1,1,0.8801515980534744,1,0.9752335363453204
313-003171-A-0081,4.0,1,1,0.9842454621134167,1,0.9537097383142116
713-008498-A-0051,4.0,1,1,0.8047246877957677,0,0.2633296466594474
831-002594-A-0071,3.0,1,1,0.6138747768007536,0,0.36998387988718767
952-000835-D-0241,3.0,1,1,0.925924855726164,0,0.389648180862899
242-024601-D-0201,6.0,1,1,0.9607397807553058,1,0.6872323866078256
212-000659-A-0021,3.0,1,1,0.9214639012847696,1,0.9700613744768116
752-022283-D-0031,4.0,1,0,0.3444361361491863,0,0.0801477078518505
714-009369-A-0161,3.0,1,1,0.9169126622117625,1,0.7063698628731439
262-009000-A-0111,3.0,1,1,0.9295990821478413,1,0.5619487878599203
943-000638-A-0061,3.0,1,1,0.695720147498006,0,0.4969218747869303
313-001687-A-0681,3.0,1,1,0.8734523850549283,1,0.7109920760012081
432-004307-A-0131,4.0,1,1,0.9763628471882249,1,0.933974161120681
713-005970-A-0081,3.0,1,1,0.9916004068119986,1,0.8281750750455221
343-015468-D-0181,3.0,1,1,0.9261363287389205,1,0.9378214354453714
232-020392-A-0061,3.0,1,1,0.7346114908034107,0,0.3909304092059582
713-005519-A-0141,9.0,1,1,0.8520820482449382,1,0.9301790110113295
744-022007-D-0151,5.0,1,1,0.87717009353673,1,0.6916082924706927
261-007698-A-0121,6.0,1,1,0.9490355538503976,1,0.9132656977417013
351-015430-D-0031,3.0,1,1,0.9829503188749068,1,0.7987321656481755
723-013060-A-0181,3.0,1,1,0.6287203198495279,0,0.16793685461903737
261-007325-A-0011,4.0,1,1,0.9044523380712997,1,0.8405808406910931
721-013718-A-0171,3.0,1,1,0.9539242533029123,1,0.5867213530792426
744-021119-A-0201,3.0,1,1,0.894982395597047,1,0.8806487274035502
511-000108-A-0101,3.0,1,1,0.9142282608372874,1,0.536301139276928
312-000823-A-0091,5.0,1,1,1.0,1,0.9670194636484097
712-002223-A-0051,4.0,1,1,0.9471106680942905,1,0.9259014937978391
533-002475-A-0091,2.0,1,1,0.6703063537202354,0,0.3353691305804636
312-000377-A-0131,4.0,1,0,0.20962735134718286,0,0.3812495129646914
521-001875-A-0021,2.0,1,1,0.9197767171023418,1,0.9574013665570968
744-022007-D-0071,6.0,1,1,0.7694905668694141,1,0.8251503715510652
524-002115-A-0061,4.0,1,1,0.8221399243452732,1,0.5490180896184149
111-000071-A-0091,3.0,1,1,0.8492231089854073,1,0.6789430136161152
314-005056-A-0091,5.0,1,1,0.9453877957019802,1,0.9826034274348547
113-000957-A-0051,3.0,1,1,0.9967956434777729,1,0.8555333480592321
713-007157-A-0141,3.0,1,1,0.640576890251629,0,0.19274151363103842
262-012904-A-0101,4.0,1,1,0.9514908780559824,1,0.9726131307825456
832-003161-A-0271,4.0,1,1,0.9418540149665571,1,0.8747221445390561
212-001032-A-0171,4.0,1,1,0.9846482095499272,1,0.858505145763944
952-000836-D-0151,5.0,1,1,0.9009874975987079,0,0.4695437645367075
512-000390-A-0181,3.0,1,1,0.9672545986393406,1,0.8807020770851013
223-019292-A-0341,3.0,0,0,0.3143582228315672,1,0.5275893729814602
324-008075-A-0431,3.0,1,1,0.9965424193545263,1,0.9702627457026713
823-002009-A-0011,2.0,1,1,0.9378712735254938,1,0.6619203417778108
833-003122-A-0111,6.0,1,1,0.954875020430222,1,0.878725137967335
263-015656-A-0011,3.0,1,1,0.9703186563340161,1,0.7121791756297022
222-019049-A-0091,4.0,1,1,0.92812149735484,1,0.6530837422964149
911-000020-A-0091,3.0,1,1,0.9743338939142151,1,0.9678912951370265
264-017349-A-0121,4.0,1,1,0.8979525771686535,1,0.757762613537686
323-010612-A-0281,6.0,1,1,0.980523807824036,1,0.8972418821771692
551-006424-D-0051,5.0,1,1,0.8757605379695383,1,0.6242294132543789
214-004423-A-0221,5.0,1,1,0.7205422651669071,1,0.9868596468195585
263-015943-A-0051,5.0,1,0,0.43726027300938486,0,0.1659589223492982
143-004823-D-0261,4.0,0,0,0.2284542035097932,0,0.07678856434406915
751-023647-D-0091,3.0,1,1,0.705464448870371,0,0.19458010370995424
614-001169-A-0161,5.0,1,1,0.6617728484240214,1,0.9862802278199793
953-000916-D-0111,4.0,1,1,0.573771364670992,0,0.39016951013430984
322-009969-A-0111,3.0,1,1,0.9824597006394256,1,0.9031042255782089
943-000638-A-0021,5.0,1,1,0.7744677313212213,0,0.45367896955529274
111-000005-A-0061,2.0,1,1,0.5762929539618784,0,0.38512335272249043
313-003171-A-0031,3.0,1,1,0.7831716477636479,1,0.6326553568020601
252-024102-D-0141,4.0,1,1,0.9284586206697677,1,0.8480948550149945
214-006169-A-0081,3.0,1,1,0.9970066285157089,1,0.9097778088348398
324-009370-A-0161,3.0,1,1,0.9004046938707618,1,0.9881745758261028
313-002816-A-0041,4.0,1,1,0.9975697454821606,1,0.9725998641090045
252-026518-D-0231,3.0,1,1,0.9098530626576092,1,0.712036336923729
241-025860-D-0051,4.0,1,1,0.9546148075635631,1,0.8303579876406586
713-008545-A-0401,3.0,1,1,0.9554623905504599,1,0.843464653572321
711-000657-A-0011,3.0,1,1,0.9366269308046162,1,0.760584314390855
823-002041-A-0061,2.0,1,1,0.8856943338865726,1,0.5529158324572399
542-007314-D-0121,3.0,1,1,0.5761973858037588,0,0.36484057735173875
262-011388-A-0071,3.0,1,1,0.9958830434877719,1,0.8910101228311575
953-000856-D-0071,5.0,1,1,0.9695719895185205,1,0.7442550101608184
222-018746-A-0131,5.0,1,1,0.849361866330035,1,0.7388481387340523
913-000421-A-0061,6.0,1,1,0.9811985942934003,1,0.9721896380516766
732-016028-A-0131,7.0,0,1,0.748303946767269,1,0.8951208193808754
953-000916-D-0131,4.0,1,1,0.5520953169455557,0,0.4313570629333148
143-004790-D-0051,7.0,1,1,0.6336602276124119,1,0.9019790818828248
622-002273-A-0191,5.0,0,1,0.8900360624247654,1,0.9540864748447303
612-000210-A-0201,3.0,1,1,0.9943479687568118,1,0.9569085122643078
212-001032-A-0171,3.0,1,1,0.9719600193017867,1,0.7551211603337761
952-000835-D-0161,3.0,1,1,0.5277676163903372,0,0.41001760671533594
521-001875-A-0081,4.0,1,1,0.7251655181783172,1,0.5257422126246888
422-003968-A-0141,2.0,1,1,0.753886637498089,0,0.48862663281018864
552-006676-D-0081,3.0,1,1,0.5847378938755597,0,0.36113571832015573
244-023633-A-0101,5.0,1,1,0.9863996896966241,1,0.8790000381816042
711-001015-A-0251,3.0,1,1,0.9786099104869665,1,0.7786382065979691
311-000019-A-0231,5.0,1,1,0.9219373981049027,1,0.9130079389381855
344-013119-A-0161,3.0,1,1,0.9614437893668941,1,0.9217663503214745
241-022075-A-0131,3.0,1,1,0.7329032289559553,0,0.37450005106527584
814-000658-A-0041,8.0,1,1,0.98207415187663,1,0.7987022954214292
323-010124-A-0291,3.0,1,1,0.9953182823648619,1,0.91110859630291
213-003228-A-0211,6.0,1,1,0.9172476974369723,1,0.7016990968481178
714-011282-A-0201,5.0,1,1,0.9601189999824132,1,0.6744498610270974
214-005555-A-0341,3.0,1,1,0.982119640825091,1,0.978468673911962
832-002551-A-0131,3.0,1,1,0.9899551275337183,1,0.9526228683207939
551-006424-D-0041,4.0,1,1,0.6030909892285143,0,0.2524708091966017
213-002448-A-0261,5.0,1,1,0.904610814457125,1,0.6122311802375737
344-016866-D-0441,5.0,1,1,0.9864662471254008,1,0.8624565826027545
322-008848-A-1261,3.0,1,1,0.8711242989307926,1,0.6140989906751666
132-002623-A-0091,2.0,1,1,0.7537691157130343,1,0.5816550299256151
324-008075-A-0161,4.0,1,1,0.9303235921885522,1,0.8479541708783553
713-006294-A-0161,4.0,1,1,0.8730554074092877,1,0.8395458295103149
632-002789-A-0141,7.0,1,1,0.9675099205741206,1,0.9685415411096568
722-012849-A-0091,4.0,1,1,0.8960407220457572,1,0.809698794013753
712-003719-A-0101,3.0,1,1,0.7250750374283667,0,0.3739804133491049
741-021590-D-0181,3.0,1,0,0.4527607152976438,0,0.18248560180611295
263-016721-A-0081,4.0,1,1,0.9538859174396873,1,0.9428494992573738
532-003322-A-0121,5.0,1,1,0.9233974751419525,1,0.9283598641539874
722-019369-A-0111,3.0,1,1,0.7924411931695436,0,0.20649316748265578
711-000444-A-0031,3.0,1,1,0.7055232344796939,1,0.5211041373022446
213-003808-A-0211,3.0,1,1,0.9907904996342393,1,0.7977449351577246
931-000577-A-0071,3.0,1,1,0.9724011599558732,1,0.8504342955479223
412-000703-A-0061,3.0,1,1,0.980226104011873,1,0.9172872714498934
212-001085-A-0051,4.0,1,1,0.7857908537923406,1,0.9866699004117346
353-015397-D-0531,3.0,1,1,0.6913111310046186,0,0.3222089116539824
723-017676-A-0051,2.0,1,1,0.953878424362042,1,0.6940705284548044
412-001050-A-0031,4.0,1,1,0.6734201690758446,0,0.36484551652031666
323-010047-A-0221,5.0,1,1,0.9331437090308377,1,0.9538290533352711
262-010313-A-0041,4.0,1,0,0.18929510352684628,0,0.4683062797526217
262-011760-A-0091,5.0,1,1,0.9456639818975945,1,0.781392120594319
241-028286-D-0031,3.0,1,1,0.6354670429459252,0,0.25575175292114877
443-004761-A-0091,3.0,1,1,0.8204945593932512,1,0.6075686680234352
551-006787-D-0031,3.0,1,1,0.9675703120928238,1,0.7272387903070311
643-004170-D-1001,3.0,1,1,0.9437381760100787,1,0.7044941795380159
262-010993-A-0081,3.0,1,1,0.9598411506923176,1,0.8935591940301294
243-021468-A-0261,4.0,1,1,0.9353723823319778,1,0.7456214087374995
312-001156-A-0261,4.0,1,1,0.9838522991235127,1,0.9104530780641068
214-005992-A-0031,3.0,1,1,0.9943138734366295,1,0.9049704657855956
714-010893-A-0081,3.0,1,1,0.8998057259309818,0,0.36467522195239893
223-019239-A-0091,7.0,1,1,0.8663633388470644,1,0.9505629559795976
222-018790-A-0011,3.0,1,1,0.9895292605058823,1,0.9486258793468639
914-000451-A-0261,3.0,1,1,0.8917078189992426,0,0.4919694373303667
852-004057-D-0111,5.0,1,1,0.9081319100600344,1,0.565388172975328
751-023647-D-0061,4.0,0,0,0.34178663606395887,0,0.06809456258806441
213-003047-A-0061,3.0,1,1,0.960589851131352,1,0.9035930390902758
711-001015-A-0201,2.0,1,1,0.76977759511807,1,0.8809620276035758
322-008386-A-0191,3.0,1,1,0.5978223138211322,0,0.4550817182663084
313-002164-A-0221,2.0,1,1,0.8941714477389443,1,0.574124486525032
142-003547-A-0311,6.0,1,1,0.886696137485359,1,0.7893225046602899
721-012495-A-0121,4.0,1,1,0.7483444827152688,0,0.4393844066134471
213-002101-A-0201,5.0,1,1,0.9943138734366295,1,0.9063925731574488
222-018944-A-0031,3.0,1,1,0.9696347741212048,1,0.9043254734265912
722-014146-A-0541,4.0,1,1,0.9407059600278361,1,0.8809347886524207
213-002396-A-0041,3.0,1,1,0.9032902434449305,1,0.6219123869800929
524-003207-A-0141,2.0,1,1,0.8797082755853519,1,0.6616540484082037
643-004014-D-0271,4.0,1,1,0.9472122268287241,1,0.9142555301967765
541-006878-D-0011,3.0,1,1,0.9099053493183952,0,0.4683755422621234
722-015711-A-0011,4.0,1,1,0.9654769836769449,1,0.9356183478809204
213-003483-A-0271,5.0,1,1,0.983787214608256,1,0.8908695357758314
214-005411-A-0181,3.0,1,1,1.0,1,0.94603517331064
251-027754-D-0121,4.0,1,1,0.7905594032870389,1,0.7940745616473538
214-004827-A-0111,4.0,1,1,0.9389580903189966,1,0.5093338616434074
953-000688-D-0101,4.0,1,0,0.3988022482627022,0,0.159501472300558
512-000496-A-0291,6.0,1,1,0.7190291421845655,1,0.6708832210969047
214-005596-A-0121,4.0,1,1,0.9950793927360265,1,0.7928965697523389
251-027184-D-0061,3.0,1,1,0.9320618058086025,1,0.61261049598728
543-006060-D-0081,3.0,1,1,0.6349848652226007,0,0.35784852518448707
613-001018-A-0181,5.0,1,1,0.9392900908732936,1,0.928100682931554
222-019011-A-0381,3.0,1,1,0.9909403579772317,1,0.7956062411398266
412-000947-A-0111,4.0,1,1,0.8955175411518368,1,0.7548468999210409
221-018508-A-0021,4.0,1,1,0.7912623660991633,0,0.4474983592514974
214-005116-A-0221,4.0,1,1,0.9951696902675415,1,0.9612327186784095
321-009644-A-0011,6.0,1,1,0.900273301076091,1,0.7311808194483977
832-002551-A-0091,5.0,1,1,0.8403004294172395,1,0.9560979255390093
552-006874-D-0031,3.0,0,0,0.2777469238745896,0,0.004884741276528767
511-000108-A-0031,4.0,1,1,0.7293679846032238,1,0.5124425192754566
214-005462-A-0771,3.0,1,1,0.9918362495113964,1,0.9490450513690697
713-007617-A-0221,3.0,1,1,0.791704227108245,0,0.262322142065254
721-018021-A-0121,4.0,1,1,0.9132626111766661,1,0.7044291904957277
263-013152-A-0101,5.0,1,1,0.9953443852390372,1,0.9452564139893525
523-003690-A-0131,2.0,1,1,0.994736885569092,1,0.8775278441454613
643-004170-D-0101,5.0,1,1,0.8363285577850217,1,0.9365166812861383
713-005034-A-0271,3.0,1,1,0.8921722462553137,0,0.4457113266256388
512-000305-A-0191,2.0,1,1,0.995164319322637,1,0.9802473556257498
713-008545-A-0101,4.0,1,1,0.8417843268202961,1,0.9365727116299395
322-008386-A-0081,3.0,1,1,0.8451710242546924,1,0.519670034594822
212-001085-A-0101,4.0,1,1,0.968619977656674,1,0.9033564864245482
432-003623-A-0021,6.0,1,1,0.992586727849735,1,0.7315163073097546
821-000995-A-0111,3.0,1,0,0.48620125088642385,0,0.3193410075291073
713-005970-A-0271,3.0,1,1,0.9789590567075932,1,0.9590433828556657
821-001056-A-0051,1.0,1,0,0.48399822177582935,0,0.38940510593187844
314-004003-A-0161,2.0,1,1,0.9897197057095832,1,0.903010886148562
912-000135-A-0031,3.0,0,1,0.5261865057912637,0,0.25667342587203784
952-000835-D-0261,4.0,1,1,0.9628674797440989,1,0.7767882417573794
314-005080-A-0151,4.0,1,1,0.981636303464935,1,0.9412922574846133
311-000073-A-0251,2.0,0,1,0.6942005745267904,0,0.3980191544331948
713-008406-A-0521,3.0,1,1,0.9801268696117421,1,0.5075476676440324
314-004100-A-0141,6.0,1,1,0.8933132674779828,1,0.643356403856817
222-018682-A-0011,5.0,1,1,0.9867786037748802,1,0.8863015297420134
412-000703-A-0171,3.0,1,1,0.9376830994397314,1,0.9699079050003301
624-002163-A-0151,3.0,1,1,0.9759563118042661,1,0.9727373008825458
223-019087-A-0201,6.0,1,1,0.9788593056185342,1,0.9472527096757524
913-000366-A-0341,3.0,1,1,0.9930602125460308,1,0.9713798150481245
712-003719-A-0251,2.0,1,1,0.6744769240139302,0,0.26322325107867495
523-003144-A-0091,4.0,1,1,0.9715813193703708,1,0.7750154461570588
313-002526-A-0181,3.0,1,1,0.9794081488036752,1,0.8526027690629765
532-003322-A-0121,6.0,1,1,0.9067673139466582,1,0.9530983417225298
214-004990-A-0321,4.0,1,1,0.9417911506367439,1,0.7528441735594235
723-012334-A-0191,6.0,1,1,0.7480505603070997,1,0.9614036783764992
412-000440-A-0091,4.0,1,1,0.880695403154269,1,0.7699816537583457
723-013128-A-0071,3.0,1,1,0.6162045988357252,0,0.23551288019371733
142-003547-A-0311,3.0,1,0,0.2967888244836434,0,0.145030668200518
322-012027-A-0121,4.0,1,1,0.9526445762727902,1,0.8200614963744713
713-004692-A-0011,4.0,1,1,0.7646533972291084,0,0.3310652823282434
344-015667-D-0521,3.0,1,1,0.9640808742370685,1,0.7592208915887981
344-013086-A-0411,5.0,1,1,0.9684763517694042,1,0.9253595620383773
614-001542-A-0251,2.0,1,1,0.922941274856494,1,0.6735145036637018
711-000761-A-0811,3.0,1,1,0.9751891459595169,1,0.6581103892898493
353-015397-D-0151,4.0,1,1,0.9734116715842606,1,0.9235333835701878
912-000257-A-0121,4.0,1,1,0.6171326849777123,0,0.16742609126681707
712-002126-A-0121,4.0,1,1,0.8007836614026292,0,0.4476416429417905
551-007125-D-0041,4.0,1,1,0.8736469352849611,1,0.6192953776941602
422-004035-A-0061,6.0,1,1,0.8762670483854671,1,0.9774185653899022
144-003063-A-0021,6.0,1,1,0.8782322657455014,1,0.740479182876994
262-009780-A-0191,5.0,1,1,0.7825599631234958,1,0.6726952743107811
532-002410-A-0111,3.0,1,1,0.5735095555180387,0,0.285779045520537
263-015803-A-0031,4.0,1,1,0.985236744886571,1,0.9449059821592971
263-016275-A-0441,5.0,1,1,0.9769932406691563,1,0.9261362648081798
711-000554-A-0111,2.0,0,0,0.3258376532867431,0,0.07374238981176309
832-002551-A-0121,3.0,1,1,0.9970940011202731,1,0.9384283906331032
133-002537-A-0071,2.0,1,1,0.9522755760091877,1,0.869350197130029
713-005034-A-0081,3.0,1,1,0.944231050069813,1,0.7557962173091772
712-003993-A-0301,1.0,0,0,0.287859953115755,0,0.1028940852991094
953-001042-D-0011,3.0,1,1,0.9687383104375833,1,0.6756739449025959
714-012195-A-0451,4.0,1,1,0.9118493389131991,1,0.8276600885858406
432-004307-A-0061,3.0,1,1,0.9536823320923101,1,0.9149864126917291
353-016863-D-0051,4.0,1,1,0.750450586599965,1,0.6718356564161588
713-008743-A-0271,4.0,1,1,0.9519614464207351,1,0.6749908734439808
114-002021-A-0111,4.0,1,1,0.9950096158621899,1,0.9480322897507684
613-001069-A-0051,2.0,1,1,0.8057514373911363,1,0.5912599338766921
214-006432-A-0251,3.0,1,1,0.9135973731497147,1,0.7923759961492788
811-000101-A-0011,4.0,1,1,0.9254252207497412,1,0.694717995999275
814-000675-A-0211,5.0,1,1,0.8837129929973395,1,0.5986504569587228
223-019068-A-0161,5.0,1,1,0.9686458897262046,1,0.9636719263666162
213-001757-A-0201,3.0,1,1,0.9910853280666504,1,0.7817751786653652
112-000649-A-0231,2.0,1,1,0.8190710740965766,1,0.7194825565539887
142-003547-A-0281,2.0,1,1,0.5194546292189379,0,0.27811965847440395
261-007183-A-0061,4.0,1,1,0.7490687957082469,1,0.5849247073017312
544-004706-A-0081,2.0,1,1,0.9347837798775782,1,0.7429371471969127
712-001695-A-0011,4.0,1,0,0.09235035542167186,0,0.2553617823023947
712-003316-A-0191,6.0,1,1,0.8915881577802279,0,0.3296514644458141
232-019531-A-0191,3.0,1,1,0.9012252330668775,1,0.8156105071300318
711-000228-A-0301,4.0,1,1,0.9290089233241677,1,0.9357604425035543
613-000701-A-0081,4.0,1,1,0.978555336809027,1,0.9804607178843084
213-001428-A-0371,6.0,0,1,0.7933309293774264,0,0.33961010315873036
213-002101-A-0301,5.0,1,1,0.9742178464305281,1,0.945708183918908
323-009290-A-0251,6.0,1,1,0.994501104391727,1,0.9186517042692394
262-012737-A-0031,2.0,1,1,0.9889495006193639,1,0.9383029379952053
613-001018-A-0151,3.0,1,1,0.9503092232910237,1,0.6282398544567038
314-003929-A-0191,3.0,1,1,0.9265949604776285,1,0.6831466449230401
751-023428-D-0091,3.0,1,0,0.4833770135194097,0,0.14833612860796838
622-002928-A-0011,3.0,1,1,0.9600880678631192,1,0.8385152600680177
214-004990-A-0451,2.0,1,1,0.9893607037323291,1,0.7827645146226422
541-006878-D-0081,3.0,1,1,0.9741523743226503,1,0.7082756459015118
143-003901-D-0191,4.0,1,1,0.8660187531939039,1,0.5884693886605752
333-012354-A-0031,3.0,1,1,0.9705595165368001,1,0.7397612823941214
822-001286-A-0091,4.0,1,1,0.945925971476583,1,0.6025238306444408
823-002009-A-0061,5.0,1,1,0.8985021464117526,1,0.9661358623958739
223-019142-A-0231,3.0,1,1,0.8769335501365305,1,0.5033645648057515
263-015803-A-0231,3.0,1,1,0.9853673759522369,1,0.9086686984287929
914-000519-A-0191,3.0,1,1,0.9801268985190434,1,0.7224127714942887
411-000372-A-0101,5.0,1,1,0.9197065772672104,1,0.9290489644256683
213-001428-A-0231,4.0,1,1,0.987707653882893,1,0.9155863986366132
542-006003-D-0401,4.0,1,1,0.9647917133955058,1,0.8965393692508333
623-001965-A-0011,4.0,1,1,0.959397543022248,1,0.9808758319895424
824-002121-A-0081,3.0,1,1,0.9973465856592812,1,0.9551535162280728
821-001147-A-0261,7.0,1,1,0.7616957134556455,1,0.6427934898713425
633-002834-A-0031,3.0,1,1,0.9850953729266826,1,0.9051358539463888
262-009934-A-0061,4.0,1,1,0.8093569722550735,0,0.48447870876293797
952-000877-D-0191,3.0,1,0,0.47662473950113643,0,0.1829092994508441
313-001432-A-0121,5.0,1,1,0.9914959656084998,1,0.9404036173611618
712-001122-A-0041,3.0,1,1,0.9379412514582625,1,0.5584515653083402
714-009969-A-0071,7.0,1,1,0.9405228614267319,1,0.8333917334841717
951-000943-D-0131,6.0,1,1,0.9549999213657105,1,0.6512794839959727
751-021735-D-0031,6.0,1,1,0.7844255890353207,0,0.4632075247740602
613-000753-A-0241,3.0,1,1,0.9871819248389969,1,0.904651647048981
263-015521-A-0251,2.0,1,1,0.9424922592722389,1,0.957562255013329
452-007168-D-0011,3.0,1,1,0.9208708080628223,1,0.5436209927849376
251-028611-D-0061,5.0,1,1,0.7687481119729659,1,0.9147236014703004
712-002940-A-0161,2.0,1,1,0.6325744297073072,0,0.19742408285523735
811-000101-A-0311,1.0,1,0,0.4658513966498501,0,0.3276690729741108
212-000193-A-0081,3.0,1,1,0.997749443300768,1,0.945994373094801
911-000020-A-0081,4.0,1,1,0.9639479009088661,1,0.9099926678038169
412-000440-A-0051,2.0,1,1,0.9692097057899597,1,0.9106800571619696
442-005461-A-0011,3.0,1,1,0.6441955767350777,0,0.4467557614651345
313-002867-A-0161,2.0,1,1,0.7854458704441651,0,0.41895697927103165
314-003437-A-0111,4.0,1,1,0.9847175402911247,1,0.9246449685365288
914-000519-A-0091,4.0,1,1,0.9506760594983047,1,0.9729120222353164
712-002031-A-0301,2.0,1,1,0.8774119620419079,0,0.26724884349844985
913-000347-A-0131,4.0,1,0,0.22904141869355296,1,0.5929014852468265
913-000278-A-0041,3.0,1,1,0.9576024769326534,1,0.9132965672597229
513-000646-A-0151,3.0,1,1,0.7950104772196738,1,0.9861515813279761
412-000703-A-0141,2.0,1,1,0.9834195416995531,1,0.9825588335298695
712-001799-A-0011,3.0,1,1,0.9356300897485619,1,0.9264286212102748
953-000688-D-0041,3.0,1,0,0.37116350835055917,0,0.2508242420788997
623-002558-A-0081,5.0,1,1,0.9564524871631394,1,0.5154074575443428
732-016028-A-0091,3.0,1,1,0.818283536215252,0,0.4148908833257537
144-003631-A-0081,3.0,1,1,0.6107158283868899,1,0.5574316308732312
714-011615-A-0041,5.0,1,1,0.8787486939671574,1,0.8999247114404968
212-000528-A-0131,5.0,1,1,0.9668963338046453,1,0.8180227029816245
952-000836-D-0151,6.0,1,1,0.8953206357863993,1,0.8330451968670584
914-000539-A-0191,4.0,1,1,0.9455591926529143,1,0.7990655561164434
262-009780-A-0051,4.0,1,1,0.9329925763412382,1,0.9749289213508288
262-008837-A-0031,3.0,1,1,0.9830336444938949,1,0.9048534376698539
542-005018-A-0111,4.0,1,1,0.5920798493004366,0,0.3686272849857905
822-002375-A-0081,6.0,1,1,0.9144118490866684,0,0.381137267579031
262-011889-A-0141,3.0,1,1,0.8061772332456858,1,0.9498730061801769
713-008545-A-0401,4.0,1,1,0.9579838414147857,1,0.9391613604511361
913-000278-A-0081,3.0,1,1,0.8814669109302593,1,0.7135505483744455
432-004178-A-0061,5.0,1,1,0.5418775522051356,0,0.4073320466232649
313-001577-A-0031,7.0,1,1,0.9656921689527193,1,0.8121162185200365
